filename,foldername,labels
Tamil-623.wav,Tamil,2
Hindi-855.wav,Hindi,0
Telugu-800.wav,Telugu,3
Kannada-177.wav,Kannada,1
Hindi-407.wav,Hindi,0
Kannada-629.wav,Kannada,1
Telugu-425.wav,Telugu,3
Hindi-371.wav,Hindi,0
Kannada-652.wav,Kannada,1
Hindi-887.wav,Hindi,0
Kannada-306.wav,Kannada,1
Kannada-851.wav,Kannada,1
Kannada-634.wav,Kannada,1
Kannada-184.wav,Kannada,1
Hindi-781.wav,Hindi,0
Telugu-150.wav,Telugu,3
Hindi-665.wav,Hindi,0
Kannada-930.wav,Kannada,1
Telugu-458.wav,Telugu,3
Kannada-768.wav,Kannada,1
Telugu-375.wav,Telugu,3
Telugu-535.wav,Telugu,3
Tamil-207.wav,Tamil,2
Tamil-417.wav,Tamil,2
Kannada-517.wav,Kannada,1
Tamil-978.wav,Tamil,2
Tamil-657.wav,Tamil,2
Kannada-50.wav,Kannada,1
Tamil-21.wav,Tamil,2
Kannada-780.wav,Kannada,1
Hindi-45.wav,Hindi,0
Kannada-821.wav,Kannada,1
Tamil-874.wav,Tamil,2
Telugu-252.wav,Telugu,3
Kannada-322.wav,Kannada,1
Tamil-473.wav,Tamil,2
Tamil-811.wav,Tamil,2
Hindi-839.wav,Hindi,0
Telugu-433.wav,Telugu,3
Hindi-241.wav,Hindi,0
Kannada-520.wav,Kannada,1
Hindi-955.wav,Hindi,0
Kannada-702.wav,Kannada,1
Hindi-580.wav,Hindi,0
Kannada-656.wav,Kannada,1
Tamil-741.wav,Tamil,2
Telugu-540.wav,Telugu,3
Telugu-114.wav,Telugu,3
Hindi-886.wav,Hindi,0
Tamil-472.wav,Tamil,2
Tamil-494.wav,Tamil,2
Tamil-806.wav,Tamil,2
Kannada-854.wav,Kannada,1
Hindi-926.wav,Hindi,0
Hindi-593.wav,Hindi,0
Tamil-686.wav,Tamil,2
Tamil-112.wav,Tamil,2
Hindi-829.wav,Hindi,0
Kannada-287.wav,Kannada,1
Hindi-942.wav,Hindi,0
Hindi-620.wav,Hindi,0
Telugu-866.wav,Telugu,3
Telugu-760.wav,Telugu,3
Telugu-544.wav,Telugu,3
Hindi-478.wav,Hindi,0
Telugu-684.wav,Telugu,3
Tamil-437.wav,Tamil,2
Telugu-740.wav,Telugu,3
Kannada-415.wav,Kannada,1
Hindi-9.wav,Hindi,0
Tamil-690.wav,Tamil,2
Tamil-369.wav,Tamil,2
Telugu-189.wav,Telugu,3
Telugu-791.wav,Telugu,3
Telugu-195.wav,Telugu,3
Kannada-870.wav,Kannada,1
Tamil-130.wav,Tamil,2
Kannada-460.wav,Kannada,1
Telugu-583.wav,Telugu,3
Telugu-100.wav,Telugu,3
Kannada-572.wav,Kannada,1
Hindi-519.wav,Hindi,0
Hindi-859.wav,Hindi,0
Tamil-350.wav,Tamil,2
Telugu-373.wav,Telugu,3
Kannada-455.wav,Kannada,1
Hindi-68.wav,Hindi,0
Kannada-172.wav,Kannada,1
Telugu-847.wav,Telugu,3
Kannada-559.wav,Kannada,1
Telugu-815.wav,Telugu,3
Hindi-433.wav,Hindi,0
Hindi-901.wav,Hindi,0
Hindi-679.wav,Hindi,0
Telugu-235.wav,Telugu,3
Hindi-385.wav,Hindi,0
Telugu-396.wav,Telugu,3
Kannada-147.wav,Kannada,1
Tamil-573.wav,Tamil,2
Kannada-885.wav,Kannada,1
Kannada-273.wav,Kannada,1
Kannada-856.wav,Kannada,1
Kannada-502.wav,Kannada,1
Kannada-79.wav,Kannada,1
Hindi-515.wav,Hindi,0
Tamil-762.wav,Tamil,2
Kannada-986.wav,Kannada,1
Hindi-434.wav,Hindi,0
Tamil-484.wav,Tamil,2
Tamil-413.wav,Tamil,2
Telugu-497.wav,Telugu,3
Hindi-932.wav,Hindi,0
Hindi-281.wav,Hindi,0
Hindi-518.wav,Hindi,0
Tamil-828.wav,Tamil,2
Telugu-147.wav,Telugu,3
Hindi-529.wav,Hindi,0
Telugu-176.wav,Telugu,3
Telugu-722.wav,Telugu,3
Kannada-779.wav,Kannada,1
Kannada-179.wav,Kannada,1
Hindi-748.wav,Hindi,0
Hindi-967.wav,Hindi,0
Telugu-599.wav,Telugu,3
Hindi-286.wav,Hindi,0
Telugu-586.wav,Telugu,3
Hindi-840.wav,Hindi,0
Telugu-825.wav,Telugu,3
Hindi-637.wav,Hindi,0
Telugu-277.wav,Telugu,3
Telugu-970.wav,Telugu,3
Tamil-947.wav,Tamil,2
Tamil-78.wav,Tamil,2
Tamil-688.wav,Tamil,2
Hindi-248.wav,Hindi,0
Telugu-45.wav,Telugu,3
Telugu-241.wav,Telugu,3
Hindi-238.wav,Hindi,0
Kannada-183.wav,Kannada,1
Tamil-375.wav,Tamil,2
Tamil-684.wav,Tamil,2
Telugu-272.wav,Telugu,3
Hindi-881.wav,Hindi,0
Telugu-542.wav,Telugu,3
Hindi-820.wav,Hindi,0
Telugu-505.wav,Telugu,3
Telugu-340.wav,Telugu,3
Telugu-67.wav,Telugu,3
Telugu-949.wav,Telugu,3
Telugu-948.wav,Telugu,3
Hindi-842.wav,Hindi,0
Telugu-762.wav,Telugu,3
Telugu-601.wav,Telugu,3
Kannada-160.wav,Kannada,1
Kannada-961.wav,Kannada,1
Hindi-289.wav,Hindi,0
Telugu-981.wav,Telugu,3
Kannada-912.wav,Kannada,1
Kannada-130.wav,Kannada,1
Tamil-588.wav,Tamil,2
Telugu-63.wav,Telugu,3
Kannada-805.wav,Kannada,1
Hindi-136.wav,Hindi,0
Kannada-537.wav,Kannada,1
Telugu-543.wav,Telugu,3
Telugu-756.wav,Telugu,3
Hindi-601.wav,Hindi,0
Kannada-149.wav,Kannada,1
Kannada-623.wav,Kannada,1
Tamil-133.wav,Tamil,2
Tamil-746.wav,Tamil,2
Telugu-112.wav,Telugu,3
Telugu-164.wav,Telugu,3
Tamil-773.wav,Tamil,2
Tamil-199.wav,Tamil,2
Hindi-297.wav,Hindi,0
Hindi-58.wav,Hindi,0
Kannada-361.wav,Kannada,1
Tamil-553.wav,Tamil,2
Tamil-25.wav,Tamil,2
Kannada-554.wav,Kannada,1
Telugu-716.wav,Telugu,3
Telugu-245.wav,Telugu,3
Kannada-904.wav,Kannada,1
Hindi-934.wav,Hindi,0
Kannada-717.wav,Kannada,1
Kannada-112.wav,Kannada,1
Telugu-704.wav,Telugu,3
Hindi-169.wav,Hindi,0
Tamil-435.wav,Tamil,2
Kannada-212.wav,Kannada,1
Telugu-895.wav,Telugu,3
Kannada-829.wav,Kannada,1
Telugu-963.wav,Telugu,3
Tamil-174.wav,Tamil,2
Kannada-767.wav,Kannada,1
Hindi-565.wav,Hindi,0
Kannada-229.wav,Kannada,1
Hindi-126.wav,Hindi,0
Telugu-912.wav,Telugu,3
Kannada-449.wav,Kannada,1
Telugu-782.wav,Telugu,3
Hindi-462.wav,Hindi,0
Tamil-560.wav,Tamil,2
Kannada-131.wav,Kannada,1
Telugu-681.wav,Telugu,3
Tamil-370.wav,Tamil,2
Telugu-514.wav,Telugu,3
Hindi-728.wav,Hindi,0
Telugu-617.wav,Telugu,3
Hindi-364.wav,Hindi,0
Tamil-62.wav,Tamil,2
Tamil-295.wav,Tamil,2
Tamil-542.wav,Tamil,2
Tamil-944.wav,Tamil,2
Hindi-976.wav,Hindi,0
Kannada-280.wav,Kannada,1
Hindi-37.wav,Hindi,0
Kannada-823.wav,Kannada,1
Telugu-74.wav,Telugu,3
Kannada-165.wav,Kannada,1
Tamil-335.wav,Tamil,2
Kannada-316.wav,Kannada,1
Tamil-673.wav,Tamil,2
Telugu-223.wav,Telugu,3
Telugu-267.wav,Telugu,3
Telugu-62.wav,Telugu,3
Telugu-529.wav,Telugu,3
Kannada-173.wav,Kannada,1
Telugu-75.wav,Telugu,3
Hindi-997.wav,Hindi,0
Telugu-243.wav,Telugu,3
Hindi-134.wav,Hindi,0
Tamil-909.wav,Tamil,2
Tamil-833.wav,Tamil,2
Hindi-778.wav,Hindi,0
Telugu-387.wav,Telugu,3
Telugu-957.wav,Telugu,3
Tamil-515.wav,Tamil,2
Telugu-807.wav,Telugu,3
Tamil-113.wav,Tamil,2
Hindi-971.wav,Hindi,0
Hindi-22.wav,Hindi,0
Tamil-902.wav,Tamil,2
Hindi-773.wav,Hindi,0
Tamil-393.wav,Tamil,2
Hindi-965.wav,Hindi,0
Telugu-588.wav,Telugu,3
Hindi-727.wav,Hindi,0
Kannada-807.wav,Kannada,1
Tamil-796.wav,Tamil,2
Tamil-67.wav,Tamil,2
Tamil-251.wav,Tamil,2
Hindi-174.wav,Hindi,0
Tamil-215.wav,Tamil,2
Telugu-95.wav,Telugu,3
Kannada-451.wav,Kannada,1
Kannada-913.wav,Kannada,1
Tamil-503.wav,Tamil,2
Tamil-620.wav,Tamil,2
Kannada-481.wav,Kannada,1
Kannada-392.wav,Kannada,1
Kannada-63.wav,Kannada,1
Tamil-776.wav,Tamil,2
Telugu-52.wav,Telugu,3
Hindi-931.wav,Hindi,0
Tamil-915.wav,Tamil,2
Hindi-132.wav,Hindi,0
Telugu-682.wav,Telugu,3
Hindi-697.wav,Hindi,0
Kannada-686.wav,Kannada,1
Tamil-518.wav,Tamil,2
Hindi-714.wav,Hindi,0
Kannada-909.wav,Kannada,1
Tamil-400.wav,Tamil,2
Hindi-227.wav,Hindi,0
Telugu-899.wav,Telugu,3
Kannada-921.wav,Kannada,1
Telugu-105.wav,Telugu,3
Hindi-543.wav,Hindi,0
Hindi-274.wav,Hindi,0
Telugu-226.wav,Telugu,3
Hindi-630.wav,Hindi,0
Kannada-891.wav,Kannada,1
Kannada-513.wav,Kannada,1
Telugu-894.wav,Telugu,3
Tamil-409.wav,Tamil,2
Tamil-20.wav,Tamil,2
Hindi-629.wav,Hindi,0
Kannada-626.wav,Kannada,1
Tamil-865.wav,Tamil,2
Kannada-518.wav,Kannada,1
Telugu-454.wav,Telugu,3
Hindi-817.wav,Hindi,0
Hindi-511.wav,Hindi,0
Telugu-444.wav,Telugu,3
Hindi-504.wav,Hindi,0
Kannada-491.wav,Kannada,1
Kannada-614.wav,Kannada,1
Kannada-542.wav,Kannada,1
Kannada-257.wav,Kannada,1
Telugu-976.wav,Telugu,3
Hindi-914.wav,Hindi,0
Telugu-151.wav,Telugu,3
Telugu-370.wav,Telugu,3
Tamil-609.wav,Tamil,2
Tamil-825.wav,Tamil,2
Hindi-649.wav,Hindi,0
Kannada-395.wav,Kannada,1
Tamil-868.wav,Tamil,2
Hindi-943.wav,Hindi,0
Kannada-938.wav,Kannada,1
Tamil-604.wav,Tamil,2
Telugu-320.wav,Telugu,3
Telugu-838.wav,Telugu,3
Kannada-608.wav,Kannada,1
Kannada-274.wav,Kannada,1
Tamil-301.wav,Tamil,2
Hindi-763.wav,Hindi,0
Hindi-370.wav,Hindi,0
Kannada-174.wav,Kannada,1
Telugu-924.wav,Telugu,3
Tamil-740.wav,Tamil,2
Hindi-815.wav,Hindi,0
Telugu-257.wav,Telugu,3
Telugu-820.wav,Telugu,3
Tamil-526.wav,Tamil,2
Telugu-721.wav,Telugu,3
Hindi-311.wav,Hindi,0
Tamil-807.wav,Tamil,2
Hindi-43.wav,Hindi,0
Kannada-479.wav,Kannada,1
Hindi-97.wav,Hindi,0
Kannada-494.wav,Kannada,1
Hindi-758.wav,Hindi,0
Hindi-617.wav,Hindi,0
Tamil-797.wav,Tamil,2
Hindi-553.wav,Hindi,0
Kannada-294.wav,Kannada,1
Kannada-925.wav,Kannada,1
Hindi-788.wav,Hindi,0
Hindi-99.wav,Hindi,0
Telugu-867.wav,Telugu,3
Kannada-373.wav,Kannada,1
Telugu-565.wav,Telugu,3
Kannada-414.wav,Kannada,1
Telugu-76.wav,Telugu,3
Kannada-884.wav,Kannada,1
Telugu-799.wav,Telugu,3
Tamil-843.wav,Tamil,2
Kannada-538.wav,Kannada,1
Hindi-680.wav,Hindi,0
Tamil-994.wav,Tamil,2
Tamil-12.wav,Tamil,2
Tamil-545.wav,Tamil,2
Tamil-504.wav,Tamil,2
Kannada-248.wav,Kannada,1
Tamil-129.wav,Tamil,2
Tamil-580.wav,Tamil,2
Tamil-784.wav,Tamil,2
Telugu-145.wav,Telugu,3
Telugu-873.wav,Telugu,3
Hindi-564.wav,Hindi,0
Kannada-568.wav,Kannada,1
Kannada-571.wav,Kannada,1
Tamil-531.wav,Tamil,2
Telugu-55.wav,Telugu,3
Tamil-126.wav,Tamil,2
Telugu-777.wav,Telugu,3
Telugu-265.wav,Telugu,3
Telugu-574.wav,Telugu,3
Hindi-720.wav,Hindi,0
Telugu-629.wav,Telugu,3
Tamil-346.wav,Tamil,2
Hindi-232.wav,Hindi,0
Hindi-466.wav,Hindi,0
Telugu-814.wav,Telugu,3
Telugu-971.wav,Telugu,3
Telugu-3.wav,Telugu,3
Hindi-873.wav,Hindi,0
Kannada-357.wav,Kannada,1
Kannada-382.wav,Kannada,1
Tamil-871.wav,Tamil,2
Kannada-447.wav,Kannada,1
Telugu-276.wav,Telugu,3
Tamil-492.wav,Tamil,2
Tamil-786.wav,Tamil,2
Hindi-818.wav,Hindi,0
Tamil-499.wav,Tamil,2
Tamil-824.wav,Tamil,2
Tamil-6.wav,Tamil,2
Kannada-102.wav,Kannada,1
Kannada-873.wav,Kannada,1
Tamil-886.wav,Tamil,2
Hindi-613.wav,Hindi,0
Tamil-654.wav,Tamil,2
Kannada-480.wav,Kannada,1
Kannada-940.wav,Kannada,1
Kannada-753.wav,Kannada,1
Tamil-751.wav,Tamil,2
Telugu-719.wav,Telugu,3
Telugu-43.wav,Telugu,3
Hindi-506.wav,Hindi,0
Telugu-640.wav,Telugu,3
Telugu-983.wav,Telugu,3
Kannada-615.wav,Kannada,1
Kannada-387.wav,Kannada,1
Telugu-624.wav,Telugu,3
Hindi-608.wav,Hindi,0
Telugu-942.wav,Telugu,3
Hindi-548.wav,Hindi,0
Hindi-190.wav,Hindi,0
Tamil-986.wav,Tamil,2
Telugu-269.wav,Telugu,3
Telugu-593.wav,Telugu,3
Telugu-262.wav,Telugu,3
Hindi-48.wav,Hindi,0
Telugu-849.wav,Telugu,3
Hindi-712.wav,Hindi,0
Kannada-372.wav,Kannada,1
Tamil-849.wav,Tamil,2
Tamil-194.wav,Tamil,2
Telugu-503.wav,Telugu,3
Kannada-61.wav,Kannada,1
Hindi-293.wav,Hindi,0
Hindi-738.wav,Hindi,0
Telugu-518.wav,Telugu,3
Hindi-446.wav,Hindi,0
Tamil-729.wav,Tamil,2
Telugu-206.wav,Telugu,3
Hindi-344.wav,Hindi,0
Hindi-930.wav,Hindi,0
Kannada-775.wav,Kannada,1
Tamil-304.wav,Tamil,2
Telugu-353.wav,Telugu,3
Telugu-960.wav,Telugu,3
Tamil-111.wav,Tamil,2
Tamil-996.wav,Tamil,2
Telugu-689.wav,Telugu,3
Telugu-632.wav,Telugu,3
Kannada-469.wav,Kannada,1
Kannada-440.wav,Kannada,1
Telugu-436.wav,Telugu,3
Hindi-69.wav,Hindi,0
Hindi-491.wav,Hindi,0
Kannada-354.wav,Kannada,1
Hindi-984.wav,Hindi,0
Hindi-501.wav,Hindi,0
Kannada-719.wav,Kannada,1
Hindi-53.wav,Hindi,0
Telugu-386.wav,Telugu,3
Hindi-684.wav,Hindi,0
Telugu-883.wav,Telugu,3
Telugu-961.wav,Telugu,3
Kannada-726.wav,Kannada,1
Telugu-738.wav,Telugu,3
Tamil-837.wav,Tamil,2
Telugu-546.wav,Telugu,3
Tamil-808.wav,Tamil,2
Telugu-437.wav,Telugu,3
Hindi-354.wav,Hindi,0
Kannada-927.wav,Kannada,1
Kannada-208.wav,Kannada,1
Tamil-907.wav,Tamil,2
Hindi-216.wav,Hindi,0
Telugu-12.wav,Telugu,3
Telugu-507.wav,Telugu,3
Tamil-788.wav,Tamil,2
Kannada-574.wav,Kannada,1
Tamil-410.wav,Tamil,2
Tamil-777.wav,Tamil,2
Tamil-694.wav,Tamil,2
Hindi-287.wav,Hindi,0
Kannada-206.wav,Kannada,1
Tamil-717.wav,Tamil,2
Kannada-299.wav,Kannada,1
Tamil-86.wav,Tamil,2
Telugu-695.wav,Telugu,3
Kannada-960.wav,Kannada,1
Tamil-432.wav,Tamil,2
Tamil-114.wav,Tamil,2
Telugu-440.wav,Telugu,3
Telugu-307.wav,Telugu,3
Hindi-408.wav,Hindi,0
Tamil-540.wav,Tamil,2
Telugu-561.wav,Telugu,3
Telugu-216.wav,Telugu,3
Kannada-393.wav,Kannada,1
Kannada-218.wav,Kannada,1
Hindi-785.wav,Hindi,0
Tamil-0.wav,Tamil,2
Kannada-264.wav,Kannada,1
Telugu-754.wav,Telugu,3
Hindi-636.wav,Hindi,0
Tamil-389.wav,Tamil,2
Telugu-44.wav,Telugu,3
Tamil-279.wav,Tamil,2
Tamil-189.wav,Tamil,2
Tamil-555.wav,Tamil,2
Kannada-233.wav,Kannada,1
Kannada-4.wav,Kannada,1
Telugu-995.wav,Telugu,3
Tamil-840.wav,Tamil,2
Hindi-188.wav,Hindi,0
Hindi-582.wav,Hindi,0
Kannada-945.wav,Kannada,1
Telugu-110.wav,Telugu,3
Kannada-251.wav,Kannada,1
Telugu-22.wav,Telugu,3
Hindi-912.wav,Hindi,0
Tamil-552.wav,Tamil,2
Telugu-379.wav,Telugu,3
Telugu-602.wav,Telugu,3
Hindi-952.wav,Hindi,0
Kannada-67.wav,Kannada,1
Kannada-878.wav,Kannada,1
Tamil-31.wav,Tamil,2
Telugu-101.wav,Telugu,3
Kannada-855.wav,Kannada,1
Tamil-182.wav,Tamil,2
Hindi-998.wav,Hindi,0
Kannada-834.wav,Kannada,1
Hindi-662.wav,Hindi,0
Telugu-465.wav,Telugu,3
Hindi-76.wav,Hindi,0
Tamil-147.wav,Tamil,2
Tamil-558.wav,Tamil,2
Hindi-822.wav,Hindi,0
Hindi-990.wav,Hindi,0
Telugu-527.wav,Telugu,3
Hindi-140.wav,Hindi,0
Kannada-25.wav,Kannada,1
Telugu-783.wav,Telugu,3
Kannada-910.wav,Kannada,1
Telugu-59.wav,Telugu,3
Kannada-7.wav,Kannada,1
Tamil-84.wav,Tamil,2
Hindi-471.wav,Hindi,0
Kannada-762.wav,Kannada,1
Telugu-927.wav,Telugu,3
Kannada-296.wav,Kannada,1
Tamil-405.wav,Tamil,2
Kannada-499.wav,Kannada,1
Tamil-676.wav,Tamil,2
Kannada-76.wav,Kannada,1
Kannada-639.wav,Kannada,1
Telugu-372.wav,Telugu,3
Hindi-482.wav,Hindi,0
Tamil-681.wav,Tamil,2
Kannada-771.wav,Kannada,1
Telugu-400.wav,Telugu,3
Kannada-162.wav,Kannada,1
Tamil-952.wav,Tamil,2
Hindi-616.wav,Hindi,0
Hindi-328.wav,Hindi,0
Kannada-256.wav,Kannada,1
Kannada-990.wav,Kannada,1
Tamil-933.wav,Tamil,2
Telugu-653.wav,Telugu,3
Telugu-274.wav,Telugu,3
Hindi-102.wav,Hindi,0
Tamil-269.wav,Tamil,2
Hindi-847.wav,Hindi,0
Hindi-108.wav,Hindi,0
Hindi-927.wav,Hindi,0
Telugu-472.wav,Telugu,3
Kannada-955.wav,Kannada,1
Tamil-308.wav,Tamil,2
Kannada-420.wav,Kannada,1
Hindi-386.wav,Hindi,0
Telugu-347.wav,Telugu,3
Hindi-144.wav,Hindi,0
Kannada-293.wav,Kannada,1
Telugu-936.wav,Telugu,3
Kannada-618.wav,Kannada,1
Tamil-507.wav,Tamil,2
Tamil-29.wav,Tamil,2
Hindi-958.wav,Hindi,0
Telugu-14.wav,Telugu,3
Hindi-495.wav,Hindi,0
Tamil-557.wav,Tamil,2
Kannada-69.wav,Kannada,1
Kannada-261.wav,Kannada,1
Hindi-713.wav,Hindi,0
Tamil-446.wav,Tamil,2
Hindi-280.wav,Hindi,0
Tamil-150.wav,Tamil,2
Kannada-648.wav,Kannada,1
Tamil-850.wav,Tamil,2
Kannada-621.wav,Kannada,1
Hindi-418.wav,Hindi,0
Tamil-514.wav,Tamil,2
Tamil-544.wav,Tamil,2
Kannada-129.wav,Kannada,1
Kannada-649.wav,Kannada,1
Hindi-520.wav,Hindi,0
Telugu-480.wav,Telugu,3
Telugu-305.wav,Telugu,3
Hindi-149.wav,Hindi,0
Telugu-90.wav,Telugu,3
Kannada-683.wav,Kannada,1
Hindi-41.wav,Hindi,0
Kannada-964.wav,Kannada,1
Kannada-379.wav,Kannada,1
Tamil-356.wav,Tamil,2
Tamil-143.wav,Tamil,2
Kannada-120.wav,Kannada,1
Tamil-361.wav,Tamil,2
Kannada-340.wav,Kannada,1
Hindi-290.wav,Hindi,0
Tamil-705.wav,Tamil,2
Kannada-426.wav,Kannada,1
Tamil-82.wav,Tamil,2
Hindi-537.wav,Hindi,0
Hindi-429.wav,Hindi,0
Kannada-597.wav,Kannada,1
Hindi-509.wav,Hindi,0
Telugu-419.wav,Telugu,3
Kannada-490.wav,Kannada,1
Hindi-793.wav,Hindi,0
Tamil-140.wav,Tamil,2
Hindi-699.wav,Hindi,0
Kannada-349.wav,Kannada,1
Kannada-769.wav,Kannada,1
Kannada-997.wav,Kannada,1
Tamil-261.wav,Tamil,2
Hindi-415.wav,Hindi,0
Tamil-791.wav,Tamil,2
Telugu-49.wav,Telugu,3
Telugu-378.wav,Telugu,3
Telugu-200.wav,Telugu,3
Hindi-191.wav,Hindi,0
Hindi-985.wav,Hindi,0
Tamil-365.wav,Tamil,2
Hindi-333.wav,Hindi,0
Telugu-464.wav,Telugu,3
Hindi-215.wav,Hindi,0
Kannada-668.wav,Kannada,1
Kannada-421.wav,Kannada,1
Hindi-106.wav,Hindi,0
Telugu-46.wav,Telugu,3
Kannada-2.wav,Kannada,1
Tamil-276.wav,Tamil,2
Tamil-756.wav,Tamil,2
Tamil-442.wav,Tamil,2
Kannada-466.wav,Kannada,1
Kannada-487.wav,Kannada,1
Tamil-179.wav,Tamil,2
Kannada-489.wav,Kannada,1
Kannada-411.wav,Kannada,1
Kannada-396.wav,Kannada,1
Kannada-864.wav,Kannada,1
Kannada-604.wav,Kannada,1
Tamil-316.wav,Tamil,2
Hindi-779.wav,Hindi,0
Kannada-739.wav,Kannada,1
Kannada-756.wav,Kannada,1
Telugu-339.wav,Telugu,3
Tamil-858.wav,Tamil,2
Tamil-5.wav,Tamil,2
Kannada-485.wav,Kannada,1
Tamil-233.wav,Tamil,2
Tamil-956.wav,Tamil,2
Telugu-20.wav,Telugu,3
Kannada-797.wav,Kannada,1
Tamil-184.wav,Tamil,2
Hindi-663.wav,Hindi,0
Tamil-61.wav,Tamil,2
Hindi-87.wav,Hindi,0
Tamil-532.wav,Tamil,2
Hindi-263.wav,Hindi,0
Kannada-576.wav,Kannada,1
Kannada-365.wav,Kannada,1
Hindi-623.wav,Hindi,0
Kannada-526.wav,Kannada,1
Kannada-134.wav,Kannada,1
Telugu-207.wav,Telugu,3
Kannada-351.wav,Kannada,1
Kannada-157.wav,Kannada,1
Telugu-404.wav,Telugu,3
Tamil-614.wav,Tamil,2
Telugu-779.wav,Telugu,3
Hindi-635.wav,Hindi,0
Hindi-718.wav,Hindi,0
Telugu-294.wav,Telugu,3
Kannada-170.wav,Kannada,1
Kannada-475.wav,Kannada,1
Tamil-322.wav,Tamil,2
Kannada-318.wav,Kannada,1
Telugu-558.wav,Telugu,3
Hindi-841.wav,Hindi,0
Telugu-941.wav,Telugu,3
Tamil-135.wav,Tamil,2
Hindi-825.wav,Hindi,0
Hindi-338.wav,Hindi,0
Tamil-820.wav,Tamil,2
Hindi-551.wav,Hindi,0
Telugu-776.wav,Telugu,3
Kannada-178.wav,Kannada,1
Kannada-578.wav,Kannada,1
Kannada-139.wav,Kannada,1
Tamil-838.wav,Tamil,2
Hindi-794.wav,Hindi,0
Kannada-230.wav,Kannada,1
Hindi-782.wav,Hindi,0
Kannada-388.wav,Kannada,1
Hindi-660.wav,Hindi,0
Hindi-838.wav,Hindi,0
Telugu-428.wav,Telugu,3
Hindi-648.wav,Hindi,0
Kannada-189.wav,Kannada,1
Hindi-393.wav,Hindi,0
Kannada-611.wav,Kannada,1
Tamil-337.wav,Tamil,2
Kannada-315.wav,Kannada,1
Tamil-608.wav,Tamil,2
Tamil-24.wav,Tamil,2
Kannada-476.wav,Kannada,1
Hindi-824.wav,Hindi,0
Tamil-928.wav,Tamil,2
Kannada-72.wav,Kannada,1
Kannada-761.wav,Kannada,1
Telugu-193.wav,Telugu,3
Telugu-2.wav,Telugu,3
Kannada-665.wav,Kannada,1
Kannada-842.wav,Kannada,1
Telugu-410.wav,Telugu,3
Hindi-741.wav,Hindi,0
Tamil-965.wav,Tamil,2
Hindi-365.wav,Hindi,0
Tamil-202.wav,Tamil,2
Tamil-34.wav,Tamil,2
Kannada-473.wav,Kannada,1
Telugu-255.wav,Telugu,3
Hindi-237.wav,Hindi,0
Telugu-850.wav,Telugu,3
Kannada-521.wav,Kannada,1
Telugu-696.wav,Telugu,3
Telugu-954.wav,Telugu,3
Hindi-669.wav,Hindi,0
Hindi-469.wav,Hindi,0
Telugu-935.wav,Telugu,3
Tamil-722.wav,Tamil,2
Telugu-412.wav,Telugu,3
Kannada-413.wav,Kannada,1
Hindi-304.wav,Hindi,0
Telugu-878.wav,Telugu,3
Kannada-551.wav,Kannada,1
Tamil-213.wav,Tamil,2
Telugu-773.wav,Telugu,3
Kannada-321.wav,Kannada,1
Tamil-896.wav,Tamil,2
Kannada-428.wav,Kannada,1
Kannada-325.wav,Kannada,1
Tamil-892.wav,Tamil,2
Kannada-54.wav,Kannada,1
Kannada-552.wav,Kannada,1
Telugu-958.wav,Telugu,3
Hindi-159.wav,Hindi,0
Hindi-918.wav,Hindi,0
Tamil-538.wav,Tamil,2
Tamil-68.wav,Tamil,2
Hindi-413.wav,Hindi,0
Kannada-525.wav,Kannada,1
Hindi-611.wav,Hindi,0
Telugu-117.wav,Telugu,3
Hindi-271.wav,Hindi,0
Tamil-997.wav,Tamil,2
Telugu-597.wav,Telugu,3
Hindi-694.wav,Hindi,0
Hindi-592.wav,Hindi,0
Kannada-603.wav,Kannada,1
Kannada-156.wav,Kannada,1
Kannada-405.wav,Kannada,1
Telugu-297.wav,Telugu,3
Kannada-384.wav,Kannada,1
Kannada-103.wav,Kannada,1
Kannada-871.wav,Kannada,1
Kannada-378.wav,Kannada,1
Tamil-682.wav,Tamil,2
Kannada-882.wav,Kannada,1
Kannada-935.wav,Kannada,1
Tamil-595.wav,Tamil,2
Hindi-612.wav,Hindi,0
Kannada-163.wav,Kannada,1
Kannada-389.wav,Kannada,1
Telugu-930.wav,Telugu,3
Tamil-77.wav,Tamil,2
Telugu-96.wav,Telugu,3
Hindi-81.wav,Hindi,0
Telugu-751.wav,Telugu,3
Tamil-883.wav,Tamil,2
Tamil-987.wav,Tamil,2
Telugu-871.wav,Telugu,3
Telugu-157.wav,Telugu,3
Telugu-476.wav,Telugu,3
Kannada-195.wav,Kannada,1
Hindi-570.wav,Hindi,0
Tamil-508.wav,Tamil,2
Hindi-555.wav,Hindi,0
Hindi-111.wav,Hindi,0
Hindi-121.wav,Hindi,0
Tamil-972.wav,Tamil,2
Telugu-843.wav,Telugu,3
Telugu-723.wav,Telugu,3
Telugu-473.wav,Telugu,3
Hindi-80.wav,Hindi,0
Kannada-21.wav,Kannada,1
Telugu-434.wav,Telugu,3
Tamil-235.wav,Tamil,2
Tamil-14.wav,Tamil,2
Telugu-318.wav,Telugu,3
Telugu-902.wav,Telugu,3
Hindi-403.wav,Hindi,0
Kannada-985.wav,Kannada,1
Hindi-734.wav,Hindi,0
Kannada-900.wav,Kannada,1
Telugu-293.wav,Telugu,3
Tamil-920.wav,Tamil,2
Tamil-923.wav,Tamil,2
Telugu-421.wav,Telugu,3
Telugu-202.wav,Telugu,3
Kannada-599.wav,Kannada,1
Tamil-876.wav,Tamil,2
Tamil-342.wav,Tamil,2
Tamil-117.wav,Tamil,2
Hindi-674.wav,Hindi,0
Tamil-109.wav,Tamil,2
Tamil-755.wav,Tamil,2
Kannada-65.wav,Kannada,1
Kannada-9.wav,Kannada,1
Telugu-449.wav,Telugu,3
Tamil-136.wav,Tamil,2
Hindi-745.wav,Hindi,0
Tamil-646.wav,Tamil,2
Tamil-267.wav,Tamil,2
Tamil-466.wav,Tamil,2
Telugu-900.wav,Telugu,3
Telugu-538.wav,Telugu,3
Kannada-95.wav,Kannada,1
Telugu-301.wav,Telugu,3
Telugu-327.wav,Telugu,3
Telugu-342.wav,Telugu,3
Kannada-240.wav,Kannada,1
Tamil-718.wav,Tamil,2
Tamil-566.wav,Tamil,2
Kannada-747.wav,Kannada,1
Hindi-193.wav,Hindi,0
Hindi-84.wav,Hindi,0
Kannada-270.wav,Kannada,1
Hindi-160.wav,Hindi,0
Tamil-839.wav,Tamil,2
Hindi-443.wav,Hindi,0
Tamil-660.wav,Tamil,2
Hindi-849.wav,Hindi,0
Telugu-784.wav,Telugu,3
Telugu-321.wav,Telugu,3
Kannada-493.wav,Kannada,1
Tamil-204.wav,Tamil,2
Kannada-96.wav,Kannada,1
Telugu-368.wav,Telugu,3
Tamil-104.wav,Tamil,2
Tamil-406.wav,Tamil,2
Telugu-229.wav,Telugu,3
Tamil-214.wav,Tamil,2
Kannada-617.wav,Kannada,1
Hindi-362.wav,Hindi,0
Tamil-180.wav,Tamil,2
Kannada-988.wav,Kannada,1
Telugu-365.wav,Telugu,3
Hindi-315.wav,Hindi,0
Hindi-947.wav,Hindi,0
Kannada-898.wav,Kannada,1
Tamil-559.wav,Tamil,2
Telugu-6.wav,Telugu,3
Tamil-58.wav,Tamil,2
Tamil-759.wav,Tamil,2
Tamil-110.wav,Tamil,2
Kannada-23.wav,Kannada,1
Telugu-38.wav,Telugu,3
Kannada-837.wav,Kannada,1
Tamil-613.wav,Tamil,2
Hindi-807.wav,Hindi,0
Kannada-889.wav,Kannada,1
Kannada-690.wav,Kannada,1
Kannada-438.wav,Kannada,1
Telugu-78.wav,Telugu,3
Telugu-657.wav,Telugu,3
Kannada-522.wav,Kannada,1
Tamil-768.wav,Tamil,2
Tamil-601.wav,Tamil,2
Telugu-225.wav,Telugu,3
Telugu-86.wav,Telugu,3
Kannada-48.wav,Kannada,1
Telugu-911.wav,Telugu,3
Tamil-414.wav,Tamil,2
Telugu-413.wav,Telugu,3
Kannada-62.wav,Kannada,1
Tamil-711.wav,Tamil,2
Telugu-567.wav,Telugu,3
Kannada-691.wav,Kannada,1
Kannada-234.wav,Kannada,1
Telugu-893.wav,Telugu,3
Tamil-462.wav,Tamil,2
Hindi-983.wav,Hindi,0
Kannada-660.wav,Kannada,1
Kannada-651.wav,Kannada,1
Tamil-668.wav,Tamil,2
Telugu-964.wav,Telugu,3
Kannada-78.wav,Kannada,1
Kannada-635.wav,Kannada,1
Telugu-23.wav,Telugu,3
Tamil-339.wav,Tamil,2
Kannada-511.wav,Kannada,1
Tamil-935.wav,Tamil,2
Telugu-485.wav,Telugu,3
Telugu-818.wav,Telugu,3
Kannada-718.wav,Kannada,1
Hindi-737.wav,Hindi,0
Hindi-609.wav,Hindi,0
Telugu-198.wav,Telugu,3
Telugu-862.wav,Telugu,3
Kannada-787.wav,Kannada,1
Hindi-690.wav,Hindi,0
Hindi-767.wav,Hindi,0
Hindi-757.wav,Hindi,0
Kannada-786.wav,Kannada,1
Kannada-185.wav,Kannada,1
Tamil-890.wav,Tamil,2
Hindi-324.wav,Hindi,0
Kannada-70.wav,Kannada,1
Telugu-352.wav,Telugu,3
Hindi-591.wav,Hindi,0
Tamil-452.wav,Tamil,2
Tamil-87.wav,Tamil,2
Tamil-39.wav,Tamil,2
Telugu-630.wav,Telugu,3
Tamil-720.wav,Tamil,2
Hindi-10.wav,Hindi,0
Tamil-56.wav,Tamil,2
Kannada-138.wav,Kannada,1
Telugu-106.wav,Telugu,3
Hindi-806.wav,Hindi,0
Hindi-826.wav,Hindi,0
Hindi-138.wav,Hindi,0
Hindi-183.wav,Hindi,0
Telugu-664.wav,Telugu,3
Kannada-400.wav,Kannada,1
Hindi-505.wav,Hindi,0
Telugu-411.wav,Telugu,3
Kannada-662.wav,Kannada,1
Tamil-918.wav,Tamil,2
Kannada-605.wav,Kannada,1
Tamil-240.wav,Tamil,2
Hindi-925.wav,Hindi,0
Telugu-128.wav,Telugu,3
Kannada-874.wav,Kannada,1
Telugu-169.wav,Telugu,3
Kannada-20.wav,Kannada,1
Hindi-166.wav,Hindi,0
Kannada-743.wav,Kannada,1
Tamil-403.wav,Tamil,2
Kannada-148.wav,Kannada,1
Telugu-369.wav,Telugu,3
Hindi-465.wav,Hindi,0
Kannada-283.wav,Kannada,1
Telugu-701.wav,Telugu,3
Hindi-970.wav,Hindi,0
Kannada-383.wav,Kannada,1
Telugu-180.wav,Telugu,3
Hindi-420.wav,Hindi,0
Tamil-418.wav,Tamil,2
Kannada-245.wav,Kannada,1
Tamil-70.wav,Tamil,2
Kannada-841.wav,Kannada,1
Tamil-495.wav,Tamil,2
Hindi-604.wav,Hindi,0
Hindi-924.wav,Hindi,0
Hindi-643.wav,Hindi,0
Tamil-979.wav,Tamil,2
Telugu-380.wav,Telugu,3
Telugu-249.wav,Telugu,3
Tamil-19.wav,Tamil,2
Tamil-583.wav,Tamil,2
Kannada-343.wav,Kannada,1
Telugu-88.wav,Telugu,3
Kannada-326.wav,Kannada,1
Tamil-616.wav,Tamil,2
Tamil-42.wav,Tamil,2
Hindi-571.wav,Hindi,0
Hindi-532.wav,Hindi,0
Tamil-732.wav,Tamil,2
Tamil-237.wav,Tamil,2
Telugu-750.wav,Telugu,3
Hindi-642.wav,Hindi,0
Tamil-716.wav,Tamil,2
Tamil-81.wav,Tamil,2
Kannada-901.wav,Kannada,1
Telugu-153.wav,Telugu,3
Hindi-230.wav,Hindi,0
Tamil-340.wav,Tamil,2
Hindi-915.wav,Hindi,0
Hindi-560.wav,Hindi,0
Kannada-84.wav,Kannada,1
Telugu-418.wav,Telugu,3
Hindi-44.wav,Hindi,0
Kannada-276.wav,Kannada,1
Tamil-275.wav,Tamil,2
Tamil-735.wav,Tamil,2
Telugu-104.wav,Telugu,3
Hindi-75.wav,Hindi,0
Tamil-296.wav,Tamil,2
Tamil-689.wav,Tamil,2
Tamil-186.wav,Tamil,2
Tamil-803.wav,Tamil,2
Hindi-372.wav,Hindi,0
Telugu-515.wav,Telugu,3
Telugu-903.wav,Telugu,3
Kannada-859.wav,Kannada,1
Telugu-742.wav,Telugu,3
Hindi-872.wav,Hindi,0
Telugu-568.wav,Telugu,3
Tamil-567.wav,Tamil,2
Kannada-3.wav,Kannada,1
Telugu-979.wav,Telugu,3
Telugu-652.wav,Telugu,3
Hindi-814.wav,Hindi,0
Tamil-255.wav,Tamil,2
Telugu-587.wav,Telugu,3
Kannada-500.wav,Kannada,1
Tamil-108.wav,Tamil,2
Kannada-115.wav,Kannada,1
Tamil-983.wav,Tamil,2
Kannada-549.wav,Kannada,1
Kannada-701.wav,Kannada,1
Kannada-954.wav,Kannada,1
Tamil-857.wav,Tamil,2
Tamil-774.wav,Tamil,2
Hindi-754.wav,Hindi,0
Tamil-651.wav,Tamil,2
Kannada-965.wav,Kannada,1
Hindi-655.wav,Hindi,0
Kannada-981.wav,Kannada,1
Kannada-390.wav,Kannada,1
Kannada-679.wav,Kannada,1
Telugu-314.wav,Telugu,3
Kannada-700.wav,Kannada,1
Tamil-217.wav,Tamil,2
Telugu-606.wav,Telugu,3
Hindi-154.wav,Hindi,0
Tamil-1000.wav,Tamil,2
Hindi-866.wav,Hindi,0
Kannada-994.wav,Kannada,1
Telugu-383.wav,Telugu,3
Hindi-528.wav,Hindi,0
Telugu-354.wav,Telugu,3
Hindi-698.wav,Hindi,0
Kannada-216.wav,Kannada,1
Tamil-859.wav,Tamil,2
Hindi-744.wav,Hindi,0
Telugu-857.wav,Telugu,3
Telugu-743.wav,Telugu,3
Hindi-624.wav,Hindi,0
Kannada-830.wav,Kannada,1
Kannada-154.wav,Kannada,1
Tamil-851.wav,Tamil,2
Hindi-155.wav,Hindi,0
Kannada-146.wav,Kannada,1
Tamil-821.wav,Tamil,2
Hindi-358.wav,Hindi,0
Tamil-615.wav,Tamil,2
Telugu-5.wav,Telugu,3
Telugu-839.wav,Telugu,3
Tamil-809.wav,Tamil,2
Telugu-142.wav,Telugu,3
Tamil-753.wav,Tamil,2
Telugu-513.wav,Telugu,3
Telugu-494.wav,Telugu,3
Kannada-247.wav,Kannada,1
Hindi-845.wav,Hindi,0
Hindi-85.wav,Hindi,0
Hindi-213.wav,Hindi,0
Tamil-43.wav,Tamil,2
Tamil-265.wav,Tamil,2
Hindi-659.wav,Hindi,0
Kannada-650.wav,Kannada,1
Hindi-715.wav,Hindi,0
Telugu-944.wav,Telugu,3
Tamil-511.wav,Tamil,2
Hindi-722.wav,Hindi,0
Tamil-287.wav,Tamil,2
Telugu-604.wav,Telugu,3
Telugu-528.wav,Telugu,3
Tamil-69.wav,Tamil,2
Tamil-621.wav,Tamil,2
Kannada-210.wav,Kannada,1
Telugu-703.wav,Telugu,3
Tamil-765.wav,Tamil,2
Kannada-543.wav,Kannada,1
Tamil-985.wav,Tamil,2
Telugu-946.wav,Telugu,3
Hindi-507.wav,Hindi,0
Hindi-382.wav,Hindi,0
Telugu-639.wav,Telugu,3
Kannada-929.wav,Kannada,1
Hindi-760.wav,Hindi,0
Telugu-733.wav,Telugu,3
Tamil-787.wav,Tamil,2
Tamil-610.wav,Tamil,2
Tamil-594.wav,Tamil,2
Telugu-61.wav,Telugu,3
Tamil-146.wav,Tamil,2
Hindi-390.wav,Hindi,0
Kannada-507.wav,Kannada,1
Hindi-115.wav,Hindi,0
Telugu-237.wav,Telugu,3
Tamil-942.wav,Tamil,2
Telugu-1.wav,Telugu,3
Telugu-530.wav,Telugu,3
Kannada-360.wav,Kannada,1
Hindi-168.wav,Hindi,0
Tamil-385.wav,Tamil,2
Telugu-389.wav,Telugu,3
Kannada-979.wav,Kannada,1
Tamil-266.wav,Tamil,2
Hindi-165.wav,Hindi,0
Telugu-579.wav,Telugu,3
Hindi-853.wav,Hindi,0
Telugu-837.wav,Telugu,3
Hindi-39.wav,Hindi,0
Kannada-673.wav,Kannada,1
Tamil-941.wav,Tamil,2
Tamil-760.wav,Tamil,2
Hindi-128.wav,Hindi,0
Tamil-960.wav,Tamil,2
Kannada-66.wav,Kannada,1
Hindi-89.wav,Hindi,0
Telugu-11.wav,Telugu,3
Telugu-495.wav,Telugu,3
Tamil-510.wav,Tamil,2
Tamil-284.wav,Tamil,2
Telugu-855.wav,Telugu,3
Telugu-323.wav,Telugu,3
Hindi-835.wav,Hindi,0
Telugu-651.wav,Telugu,3
Telugu-306.wav,Telugu,3
Tamil-32.wav,Tamil,2
Tamil-144.wav,Tamil,2
Telugu-506.wav,Telugu,3
Hindi-104.wav,Hindi,0
Kannada-828.wav,Kannada,1
Telugu-463.wav,Telugu,3
Tamil-289.wav,Tamil,2
Hindi-171.wav,Hindi,0
Telugu-291.wav,Telugu,3
Hindi-374.wav,Hindi,0
Telugu-884.wav,Telugu,3
Hindi-708.wav,Hindi,0
Tamil-37.wav,Tamil,2
Hindi-417.wav,Hindi,0
Telugu-356.wav,Telugu,3
Telugu-69.wav,Telugu,3
Hindi-982.wav,Hindi,0
Telugu-998.wav,Telugu,3
Hindi-348.wav,Hindi,0
Tamil-592.wav,Tamil,2
Tamil-772.wav,Tamil,2
Hindi-732.wav,Hindi,0
Kannada-832.wav,Kannada,1
Kannada-116.wav,Kannada,1
Tamil-188.wav,Tamil,2
Telugu-32.wav,Telugu,3
Tamil-728.wav,Tamil,2
Kannada-495.wav,Kannada,1
Tamil-652.wav,Tamil,2
Kannada-567.wav,Kannada,1
Kannada-879.wav,Kannada,1
Hindi-377.wav,Hindi,0
Telugu-304.wav,Telugu,3
Hindi-730.wav,Hindi,0
Tamil-158.wav,Tamil,2
Tamil-938.wav,Tamil,2
Telugu-36.wav,Telugu,3
Kannada-731.wav,Kannada,1
Tamil-352.wav,Tamil,2
Tamil-822.wav,Tamil,2
Hindi-367.wav,Hindi,0
Kannada-862.wav,Kannada,1
Tamil-525.wav,Tamil,2
Telugu-398.wav,Telugu,3
Kannada-158.wav,Kannada,1
Kannada-647.wav,Kannada,1
Tamil-210.wav,Tamil,2
Tamil-870.wav,Tamil,2
Tamil-966.wav,Tamil,2
Tamil-286.wav,Tamil,2
Telugu-842.wav,Telugu,3
Hindi-368.wav,Hindi,0
Kannada-529.wav,Kannada,1
Telugu-959.wav,Telugu,3
Telugu-592.wav,Telugu,3
Kannada-263.wav,Kannada,1
Hindi-497.wav,Hindi,0
Hindi-402.wav,Hindi,0
Hindi-474.wav,Hindi,0
Kannada-430.wav,Kannada,1
Tamil-419.wav,Tamil,2
Telugu-677.wav,Telugu,3
Kannada-71.wav,Kannada,1
Hindi-62.wav,Hindi,0
Kannada-933.wav,Kannada,1
Telugu-359.wav,Telugu,3
Kannada-809.wav,Kannada,1
Kannada-43.wav,Kannada,1
Hindi-114.wav,Hindi,0
Tamil-456.wav,Tamil,2
Kannada-645.wav,Kannada,1
Tamil-292.wav,Tamil,2
Telugu-603.wav,Telugu,3
Tamil-63.wav,Tamil,2
Kannada-663.wav,Kannada,1
Kannada-352.wav,Kannada,1
Hindi-703.wav,Hindi,0
Hindi-301.wav,Hindi,0
Kannada-590.wav,Kannada,1
Tamil-726.wav,Tamil,2
Kannada-198.wav,Kannada,1
Tamil-256.wav,Tamil,2
Hindi-96.wav,Hindi,0
Telugu-214.wav,Telugu,3
Hindi-442.wav,Hindi,0
Kannada-532.wav,Kannada,1
Hindi-197.wav,Hindi,0
Tamil-277.wav,Tamil,2
Hindi-178.wav,Hindi,0
Kannada-908.wav,Kannada,1
Hindi-953.wav,Hindi,0
Tamil-54.wav,Tamil,2
Telugu-876.wav,Telugu,3
Telugu-295.wav,Telugu,3
Kannada-515.wav,Kannada,1
Telugu-475.wav,Telugu,3
Telugu-610.wav,Telugu,3
Hindi-435.wav,Hindi,0
Kannada-846.wav,Kannada,1
Hindi-666.wav,Hindi,0
Kannada-972.wav,Kannada,1
Kannada-791.wav,Kannada,1
Kannada-427.wav,Kannada,1
Kannada-193.wav,Kannada,1
Hindi-650.wav,Hindi,0
Kannada-560.wav,Kannada,1
Tamil-124.wav,Tamil,2
Hindi-639.wav,Hindi,0
Kannada-687.wav,Kannada,1
Tamil-509.wav,Tamil,2
Kannada-941.wav,Kannada,1
Telugu-769.wav,Telugu,3
Hindi-52.wav,Hindi,0
Hindi-63.wav,Hindi,0
Hindi-836.wav,Hindi,0
Tamil-441.wav,Tamil,2
Tamil-469.wav,Tamil,2
Kannada-431.wav,Kannada,1
Hindi-156.wav,Hindi,0
Hindi-399.wav,Hindi,0
Tamil-103.wav,Tamil,2
Telugu-968.wav,Telugu,3
Telugu-219.wav,Telugu,3
Telugu-97.wav,Telugu,3
Hindi-384.wav,Hindi,0
Tamil-873.wav,Tamil,2
Kannada-840.wav,Kannada,1
Hindi-267.wav,Hindi,0
Hindi-122.wav,Hindi,0
Kannada-342.wav,Kannada,1
Tamil-556.wav,Tamil,2
Kannada-772.wav,Kannada,1
Hindi-742.wav,Hindi,0
Kannada-801.wav,Kannada,1
Telugu-982.wav,Telugu,3
Hindi-373.wav,Hindi,0
Telugu-385.wav,Telugu,3
Hindi-288.wav,Hindi,0
Kannada-410.wav,Kannada,1
Tamil-291.wav,Tamil,2
Kannada-553.wav,Kannada,1
Tamil-725.wav,Tamil,2
Tamil-302.wav,Tamil,2
Hindi-272.wav,Hindi,0
Kannada-577.wav,Kannada,1
Telugu-333.wav,Telugu,3
Telugu-988.wav,Telugu,3
Tamil-677.wav,Tamil,2
Tamil-778.wav,Tamil,2
Tamil-864.wav,Tamil,2
Kannada-30.wav,Kannada,1
Hindi-600.wav,Hindi,0
Telugu-53.wav,Telugu,3
Tamil-347.wav,Tamil,2
Kannada-527.wav,Kannada,1
Tamil-936.wav,Tamil,2
Hindi-692.wav,Hindi,0
Tamil-988.wav,Tamil,2
Hindi-594.wav,Hindi,0
Hindi-186.wav,Hindi,0
Telugu-108.wav,Telugu,3
Tamil-578.wav,Tamil,2
Hindi-409.wav,Hindi,0
Tamil-101.wav,Tamil,2
Hindi-25.wav,Hindi,0
Telugu-442.wav,Telugu,3
Kannada-548.wav,Kannada,1
Hindi-500.wav,Hindi,0
Hindi-427.wav,Hindi,0
Tamil-793.wav,Tamil,2
Hindi-235.wav,Hindi,0
Kannada-298.wav,Kannada,1
Kannada-505.wav,Kannada,1
Hindi-321.wav,Hindi,0
Telugu-103.wav,Telugu,3
Tamil-757.wav,Tamil,2
Tamil-934.wav,Tamil,2
Hindi-31.wav,Hindi,0
Hindi-857.wav,Hindi,0
Kannada-191.wav,Kannada,1
Telugu-450.wav,Telugu,3
Hindi-956.wav,Hindi,0
Telugu-757.wav,Telugu,3
Tamil-121.wav,Tamil,2
Tamil-713.wav,Tamil,2
Telugu-215.wav,Telugu,3
Kannada-18.wav,Kannada,1
Kannada-496.wav,Kannada,1
Hindi-852.wav,Hindi,0
Telugu-870.wav,Telugu,3
Tamil-211.wav,Tamil,2
Hindi-717.wav,Hindi,0
Tamil-3.wav,Tamil,2
Kannada-171.wav,Kannada,1
Telugu-330.wav,Telugu,3
Telugu-611.wav,Telugu,3
Telugu-56.wav,Telugu,3
Telugu-660.wav,Telugu,3
Tamil-425.wav,Tamil,2
Tamil-700.wav,Tamil,2
Kannada-243.wav,Kannada,1
Hindi-883.wav,Hindi,0
Kannada-613.wav,Kannada,1
Telugu-479.wav,Telugu,3
Tamil-827.wav,Tamil,2
Kannada-984.wav,Kannada,1
Kannada-946.wav,Kannada,1
Telugu-536.wav,Telugu,3
Tamil-521.wav,Tamil,2
Kannada-706.wav,Kannada,1
Tamil-486.wav,Tamil,2
Tamil-4.wav,Tamil,2
Telugu-377.wav,Telugu,3
Tamil-650.wav,Tamil,2
Hindi-968.wav,Hindi,0
Hindi-783.wav,Hindi,0
Telugu-993.wav,Telugu,3
Telugu-251.wav,Telugu,3
Kannada-773.wav,Kannada,1
Telugu-481.wav,Telugu,3
Kannada-824.wav,Kannada,1
Hindi-681.wav,Hindi,0
Tamil-18.wav,Tamil,2
Kannada-800.wav,Kannada,1
Telugu-183.wav,Telugu,3
Telugu-427.wav,Telugu,3
Hindi-755.wav,Hindi,0
Tamil-593.wav,Tamil,2
Hindi-974.wav,Hindi,0
Kannada-711.wav,Kannada,1
Tamil-645.wav,Tamil,2
Tamil-932.wav,Tamil,2
Hindi-498.wav,Hindi,0
Kannada-456.wav,Kannada,1
Tamil-459.wav,Tamil,2
Tamil-790.wav,Tamil,2
Kannada-265.wav,Kannada,1
Telugu-918.wav,Telugu,3
Hindi-142.wav,Hindi,0
Tamil-30.wav,Tamil,2
Telugu-232.wav,Telugu,3
Kannada-723.wav,Kannada,1
Telugu-116.wav,Telugu,3
Telugu-374.wav,Telugu,3
Tamil-212.wav,Tamil,2
Kannada-722.wav,Kannada,1
Telugu-685.wav,Telugu,3
Telugu-127.wav,Telugu,3
Telugu-167.wav,Telugu,3
Telugu-484.wav,Telugu,3
Tamil-764.wav,Tamil,2
Tamil-145.wav,Tamil,2
Hindi-567.wav,Hindi,0
Telugu-83.wav,Telugu,3
Kannada-899.wav,Kannada,1
Tamil-465.wav,Tamil,2
Kannada-744.wav,Kannada,1
Telugu-149.wav,Telugu,3
Kannada-350.wav,Kannada,1
Kannada-439.wav,Kannada,1
Tamil-172.wav,Tamil,2
Telugu-573.wav,Telugu,3
Telugu-451.wav,Telugu,3
Hindi-487.wav,Hindi,0
Tamil-80.wav,Tamil,2
Kannada-510.wav,Kannada,1
Tamil-696.wav,Tamil,2
Kannada-512.wav,Kannada,1
Tamil-309.wav,Tamil,2
Tamil-196.wav,Tamil,2
Hindi-743.wav,Hindi,0
Hindi-480.wav,Hindi,0
Kannada-563.wav,Kannada,1
Hindi-282.wav,Hindi,0
Hindi-539.wav,Hindi,0
Kannada-734.wav,Kannada,1
Tamil-524.wav,Tamil,2
Telugu-231.wav,Telugu,3
Tamil-748.wav,Tamil,2
Kannada-381.wav,Kannada,1
Hindi-322.wav,Hindi,0
Kannada-579.wav,Kannada,1
Telugu-822.wav,Telugu,3
Hindi-568.wav,Hindi,0
Tamil-391.wav,Tamil,2
Hindi-780.wav,Hindi,0
Kannada-459.wav,Kannada,1
Telugu-155.wav,Telugu,3
Kannada-153.wav,Kannada,1
Kannada-111.wav,Kannada,1
Tamil-392.wav,Tamil,2
Hindi-463.wav,Hindi,0
Telugu-170.wav,Telugu,3
Hindi-844.wav,Hindi,0
Telugu-775.wav,Telugu,3
Kannada-573.wav,Kannada,1
Hindi-71.wav,Hindi,0
Kannada-215.wav,Kannada,1
Hindi-211.wav,Hindi,0
Tamil-177.wav,Tamil,2
Kannada-64.wav,Kannada,1
Kannada-288.wav,Kannada,1
Telugu-453.wav,Telugu,3
Telugu-725.wav,Telugu,3
Tamil-541.wav,Tamil,2
Telugu-531.wav,Telugu,3
Telugu-311.wav,Telugu,3
Kannada-763.wav,Kannada,1
Kannada-872.wav,Kannada,1
Telugu-181.wav,Telugu,3
Kannada-121.wav,Kannada,1
Kannada-8.wav,Kannada,1
Hindi-510.wav,Hindi,0
Tamil-205.wav,Tamil,2
Hindi-86.wav,Hindi,0
Telugu-786.wav,Telugu,3
Hindi-107.wav,Hindi,0
Kannada-575.wav,Kannada,1
Tamil-1.wav,Tamil,2
Hindi-906.wav,Hindi,0
Telugu-699.wav,Telugu,3
Tamil-605.wav,Tamil,2
Tamil-367.wav,Tamil,2
Hindi-512.wav,Hindi,0
Kannada-562.wav,Kannada,1
Hindi-735.wav,Hindi,0
Telugu-317.wav,Telugu,3
Telugu-643.wav,Telugu,3
Hindi-977.wav,Hindi,0
Tamil-485.wav,Tamil,2
Kannada-740.wav,Kannada,1
Tamil-460.wav,Tamil,2
Hindi-459.wav,Hindi,0
Tamil-981.wav,Tamil,2
Hindi-335.wav,Hindi,0
Hindi-90.wav,Hindi,0
Kannada-252.wav,Kannada,1
Hindi-749.wav,Hindi,0
Hindi-1000.wav,Hindi,0
Tamil-491.wav,Tamil,2
Telugu-509.wav,Telugu,3
Kannada-279.wav,Kannada,1
Hindi-472.wav,Hindi,0
Telugu-819.wav,Telugu,3
Kannada-631.wav,Kannada,1
Tamil-208.wav,Tamil,2
Telugu-17.wav,Telugu,3
Kannada-81.wav,Kannada,1
Kannada-825.wav,Kannada,1
Tamil-96.wav,Tamil,2
Kannada-132.wav,Kannada,1
Kannada-267.wav,Kannada,1
Tamil-964.wav,Tamil,2
Kannada-187.wav,Kannada,1
Hindi-242.wav,Hindi,0
Tamil-216.wav,Tamil,2
Telugu-615.wav,Telugu,3
Hindi-233.wav,Hindi,0
Telugu-794.wav,Telugu,3
Telugu-362.wav,Telugu,3
Telugu-278.wav,Telugu,3
Tamil-464.wav,Tamil,2
Hindi-752.wav,Hindi,0
Telugu-326.wav,Telugu,3
Hindi-316.wav,Hindi,0
Telugu-595.wav,Telugu,3
Tamil-846.wav,Tamil,2
Tamil-319.wav,Tamil,2
Kannada-437.wav,Kannada,1
Kannada-122.wav,Kannada,1
Kannada-75.wav,Kannada,1
Hindi-47.wav,Hindi,0
Tamil-897.wav,Tamil,2
Kannada-114.wav,Kannada,1
Telugu-273.wav,Telugu,3
Telugu-627.wav,Telugu,3
Telugu-749.wav,Telugu,3
Tamil-867.wav,Tamil,2
Telugu-997.wav,Telugu,3
Telugu-620.wav,Telugu,3
Telugu-460.wav,Telugu,3
Kannada-470.wav,Kannada,1
Tamil-506.wav,Tamil,2
Kannada-835.wav,Kannada,1
Kannada-225.wav,Kannada,1
Kannada-356.wav,Kannada,1
Telugu-559.wav,Telugu,3
Tamil-153.wav,Tamil,2
Telugu-708.wav,Telugu,3
Hindi-212.wav,Hindi,0
Telugu-759.wav,Telugu,3
Kannada-682.wav,Kannada,1
Hindi-105.wav,Hindi,0
Hindi-854.wav,Hindi,0
Tamil-699.wav,Tamil,2
Tamil-587.wav,Tamil,2
Hindi-909.wav,Hindi,0
Telugu-638.wav,Telugu,3
Kannada-231.wav,Kannada,1
Telugu-901.wav,Telugu,3
Kannada-284.wav,Kannada,1
Tamil-290.wav,Tamil,2
Tamil-106.wav,Tamil,2
Kannada-97.wav,Kannada,1
Hindi-180.wav,Hindi,0
Telugu-158.wav,Telugu,3
Tamil-285.wav,Tamil,2
Tamil-170.wav,Tamil,2
Tamil-293.wav,Tamil,2
Hindi-323.wav,Hindi,0
Kannada-371.wav,Kannada,1
Tamil-622.wav,Tamil,2
Tamil-11.wav,Tamil,2
Hindi-583.wav,Hindi,0
Telugu-144.wav,Telugu,3
Kannada-241.wav,Kannada,1
Kannada-547.wav,Kannada,1
Tamil-90.wav,Tamil,2
Kannada-29.wav,Kannada,1
Tamil-411.wav,Tamil,2
Hindi-29.wav,Hindi,0
Kannada-827.wav,Kannada,1
Tamil-528.wav,Tamil,2
Telugu-102.wav,Telugu,3
Tamil-853.wav,Tamil,2
Hindi-993.wav,Hindi,0
Kannada-741.wav,Kannada,1
Kannada-733.wav,Kannada,1
Tamil-183.wav,Tamil,2
Tamil-854.wav,Tamil,2
Hindi-203.wav,Hindi,0
Kannada-290.wav,Kannada,1
Tamil-41.wav,Tamil,2
Kannada-483.wav,Kannada,1
Kannada-969.wav,Kannada,1
Telugu-77.wav,Telugu,3
Hindi-716.wav,Hindi,0
Tamil-703.wav,Tamil,2
Tamil-470.wav,Tamil,2
Hindi-668.wav,Hindi,0
Telugu-951.wav,Telugu,3
Kannada-843.wav,Kannada,1
Tamil-424.wav,Tamil,2
Hindi-961.wav,Hindi,0
Kannada-304.wav,Kannada,1
Hindi-150.wav,Hindi,0
Hindi-243.wav,Hindi,0
Kannada-89.wav,Kannada,1
Kannada-19.wav,Kannada,1
Kannada-346.wav,Kannada,1
Tamil-402.wav,Tamil,2
Kannada-736.wav,Kannada,1
Hindi-67.wav,Hindi,0
Kannada-36.wav,Kannada,1
Tamil-412.wav,Tamil,2
Tamil-181.wav,Tamil,2
Kannada-236.wav,Kannada,1
Telugu-980.wav,Telugu,3
Kannada-628.wav,Kannada,1
Tamil-695.wav,Tamil,2
Kannada-375.wav,Kannada,1
Tamil-83.wav,Tamil,2
Hindi-314.wav,Hindi,0
Hindi-221.wav,Hindi,0
Hindi-151.wav,Hindi,0
Hindi-576.wav,Hindi,0
Hindi-581.wav,Hindi,0
Kannada-259.wav,Kannada,1
Telugu-345.wav,Telugu,3
Hindi-910.wav,Hindi,0
Kannada-88.wav,Kannada,1
Hindi-440.wav,Hindi,0
Kannada-197.wav,Kannada,1
Telugu-162.wav,Telugu,3
Hindi-201.wav,Hindi,0
Kannada-262.wav,Kannada,1
Tamil-195.wav,Tamil,2
Kannada-204.wav,Kannada,1
Tamil-64.wav,Tamil,2
Tamil-693.wav,Tamil,2
Telugu-275.wav,Telugu,3
Hindi-449.wav,Hindi,0
Telugu-210.wav,Telugu,3
Tamil-264.wav,Tamil,2
Tamil-280.wav,Tamil,2
Telugu-287.wav,Telugu,3
Hindi-762.wav,Hindi,0
Telugu-366.wav,Telugu,3
Hindi-646.wav,Hindi,0
Hindi-181.wav,Hindi,0
Hindi-327.wav,Hindi,0
Hindi-394.wav,Hindi,0
Telugu-190.wav,Telugu,3
Hindi-225.wav,Hindi,0
Kannada-534.wav,Kannada,1
Kannada-391.wav,Kannada,1
Tamil-40.wav,Tamil,2
Tamil-872.wav,Tamil,2
Tamil-487.wav,Tamil,2
Telugu-549.wav,Telugu,3
Hindi-6.wav,Hindi,0
Tamil-248.wav,Tamil,2
Telugu-830.wav,Telugu,3
Kannada-766.wav,Kannada,1
Kannada-758.wav,Kannada,1
Hindi-797.wav,Hindi,0
Hindi-8.wav,Hindi,0
Kannada-967.wav,Kannada,1
Tamil-501.wav,Tamil,2
Tamil-879.wav,Tamil,2
Tamil-687.wav,Tamil,2
Tamil-739.wav,Tamil,2
Tamil-564.wav,Tamil,2
Tamil-875.wav,Tamil,2
Telugu-325.wav,Telugu,3
Telugu-577.wav,Telugu,3
Tamil-57.wav,Tamil,2
Kannada-852.wav,Kannada,1
Hindi-527.wav,Hindi,0
Tamil-980.wav,Tamil,2
Telugu-390.wav,Telugu,3
Kannada-334.wav,Kannada,1
Tamil-178.wav,Tamil,2
Kannada-819.wav,Kannada,1
Telugu-724.wav,Telugu,3
Kannada-125.wav,Kannada,1
Tamil-603.wav,Tamil,2
Kannada-503.wav,Kannada,1
Tamil-943.wav,Tamil,2
Hindi-693.wav,Hindi,0
Tamil-502.wav,Tamil,2
Telugu-302.wav,Telugu,3
Telugu-367.wav,Telugu,3
Hindi-523.wav,Hindi,0
Hindi-874.wav,Hindi,0
Hindi-381.wav,Hindi,0
Telugu-175.wav,Telugu,3
Hindi-172.wav,Hindi,0
Hindi-176.wav,Hindi,0
Telugu-789.wav,Telugu,3
Telugu-93.wav,Telugu,3
Hindi-127.wav,Hindi,0
Hindi-552.wav,Hindi,0
Hindi-939.wav,Hindi,0
Hindi-423.wav,Hindi,0
Hindi-753.wav,Hindi,0
Tamil-574.wav,Tamil,2
Kannada-735.wav,Kannada,1
Tamil-451.wav,Tamil,2
Tamil-376.wav,Tamil,2
Tamil-94.wav,Tamil,2
Telugu-619.wav,Telugu,3
Hindi-355.wav,Hindi,0
Hindi-683.wav,Hindi,0
Telugu-462.wav,Telugu,3
Kannada-228.wav,Kannada,1
Hindi-361.wav,Hindi,0
Hindi-432.wav,Hindi,0
Kannada-90.wav,Kannada,1
Telugu-376.wav,Telugu,3
Kannada-582.wav,Kannada,1
Tamil-581.wav,Tamil,2
Tamil-590.wav,Tamil,2
Telugu-662.wav,Telugu,3
Hindi-492.wav,Hindi,0
Telugu-897.wav,Telugu,3
Telugu-761.wav,Telugu,3
Hindi-275.wav,Hindi,0
Telugu-203.wav,Telugu,3
Kannada-616.wav,Kannada,1
Kannada-923.wav,Kannada,1
Telugu-360.wav,Telugu,3
Tamil-366.wav,Tamil,2
Tamil-680.wav,Tamil,2
Kannada-876.wav,Kannada,1
Kannada-704.wav,Kannada,1
Kannada-345.wav,Kannada,1
Hindi-711.wav,Hindi,0
Telugu-399.wav,Telugu,3
Tamil-709.wav,Tamil,2
Hindi-776.wav,Hindi,0
Hindi-129.wav,Hindi,0
Kannada-151.wav,Kannada,1
Hindi-345.wav,Hindi,0
Telugu-906.wav,Telugu,3
Telugu-184.wav,Telugu,3
Telugu-882.wav,Telugu,3
Kannada-689.wav,Kannada,1
Hindi-626.wav,Hindi,0
Telugu-933.wav,Telugu,3
Telugu-429.wav,Telugu,3
Tamil-818.wav,Tamil,2
Hindi-352.wav,Hindi,0
Telugu-430.wav,Telugu,3
Tamil-638.wav,Tamil,2
Kannada-255.wav,Kannada,1
Tamil-642.wav,Tamil,2
Kannada-620.wav,Kannada,1
Telugu-905.wav,Telugu,3
Kannada-99.wav,Kannada,1
Tamil-834.wav,Tamil,2
Hindi-687.wav,Hindi,0
Hindi-503.wav,Hindi,0
Kannada-468.wav,Kannada,1
Tamil-159.wav,Tamil,2
Kannada-144.wav,Kannada,1
Tamil-758.wav,Tamil,2
Tamil-163.wav,Tamil,2
Tamil-975.wav,Tamil,2
Telugu-221.wav,Telugu,3
Telugu-322.wav,Telugu,3
Kannada-331.wav,Kannada,1
Hindi-625.wav,Hindi,0
Telugu-414.wav,Telugu,3
Tamil-125.wav,Tamil,2
Tamil-190.wav,Tamil,2
Hindi-524.wav,Hindi,0
Tamil-671.wav,Tamil,2
Kannada-937.wav,Kannada,1
Kannada-693.wav,Kannada,1
Hindi-647.wav,Hindi,0
Hindi-950.wav,Hindi,0
Hindi-414.wav,Hindi,0
Tamil-516.wav,Tamil,2
Tamil-102.wav,Tamil,2
Telugu-609.wav,Telugu,3
Hindi-547.wav,Hindi,0
Hindi-387.wav,Hindi,0
Hindi-771.wav,Hindi,0
Kannada-609.wav,Kannada,1
Tamil-712.wav,Tamil,2
Telugu-919.wav,Telugu,3
Kannada-74.wav,Kannada,1
Telugu-447.wav,Telugu,3
Telugu-42.wav,Telugu,3
Telugu-669.wav,Telugu,3
Tamil-200.wav,Tamil,2
Telugu-778.wav,Telugu,3
Hindi-331.wav,Hindi,0
Telugu-192.wav,Telugu,3
Kannada-644.wav,Kannada,1
Kannada-905.wav,Kannada,1
Hindi-411.wav,Hindi,0
Hindi-619.wav,Hindi,0
Kannada-209.wav,Kannada,1
Hindi-890.wav,Hindi,0
Hindi-173.wav,Hindi,0
Tamil-517.wav,Tamil,2
Hindi-804.wav,Hindi,0
Kannada-810.wav,Kannada,1
Tamil-122.wav,Tamil,2
Tamil-176.wav,Tamil,2
Telugu-19.wav,Telugu,3
Tamil-801.wav,Tamil,2
Tamil-856.wav,Tamil,2
Telugu-156.wav,Telugu,3
Hindi-615.wav,Hindi,0
Hindi-334.wav,Hindi,0
Tamil-360.wav,Tamil,2
Kannada-793.wav,Kannada,1
Hindi-486.wav,Hindi,0
Tamil-968.wav,Tamil,2
Hindi-17.wav,Hindi,0
Hindi-879.wav,Hindi,0
Kannada-167.wav,Kannada,1
Telugu-148.wav,Telugu,3
Tamil-804.wav,Tamil,2
Kannada-815.wav,Kannada,1
Telugu-456.wav,Telugu,3
Hindi-23.wav,Hindi,0
Kannada-569.wav,Kannada,1
Tamil-242.wav,Tamil,2
Telugu-552.wav,Telugu,3
Kannada-119.wav,Kannada,1
Tamil-76.wav,Tamil,2
Tamil-489.wav,Tamil,2
Telugu-810.wav,Telugu,3
Hindi-928.wav,Hindi,0
Telugu-952.wav,Telugu,3
Kannada-401.wav,Kannada,1
Hindi-74.wav,Hindi,0
Tamil-723.wav,Tamil,2
Telugu-26.wav,Telugu,3
Telugu-735.wav,Telugu,3
Hindi-264.wav,Hindi,0
Telugu-123.wav,Telugu,3
Telugu-975.wav,Telugu,3
Hindi-379.wav,Hindi,0
Hindi-110.wav,Hindi,0
Kannada-678.wav,Kannada,1
Kannada-362.wav,Kannada,1
Hindi-439.wav,Hindi,0
Telugu-714.wav,Telugu,3
Telugu-860.wav,Telugu,3
Telugu-999.wav,Telugu,3
Hindi-917.wav,Hindi,0
Hindi-401.wav,Hindi,0
Kannada-887.wav,Kannada,1
Tamil-632.wav,Tamil,2
Telugu-350.wav,Telugu,3
Hindi-360.wav,Hindi,0
Kannada-27.wav,Kannada,1
Kannada-105.wav,Kannada,1
Kannada-180.wav,Kannada,1
Kannada-625.wav,Kannada,1
Telugu-357.wav,Telugu,3
Tamil-306.wav,Tamil,2
Telugu-137.wav,Telugu,3
Telugu-282.wav,Telugu,3
Hindi-789.wav,Hindi,0
Telugu-474.wav,Telugu,3
Tamil-565.wav,Tamil,2
Kannada-788.wav,Kannada,1
Hindi-270.wav,Hindi,0
Telugu-974.wav,Telugu,3
Telugu-548.wav,Telugu,3
Telugu-670.wav,Telugu,3
Telugu-809.wav,Telugu,3
Tamil-45.wav,Tamil,2
Tamil-221.wav,Tamil,2
Kannada-159.wav,Kannada,1
Kannada-367.wav,Kannada,1
Hindi-671.wav,Hindi,0
Hindi-319.wav,Hindi,0
Tamil-166.wav,Tamil,2
Hindi-291.wav,Hindi,0
Hindi-302.wav,Hindi,0
Telugu-746.wav,Telugu,3
Hindi-139.wav,Hindi,0
Tamil-817.wav,Tamil,2
Hindi-278.wav,Hindi,0
Telugu-673.wav,Telugu,3
Hindi-638.wav,Hindi,0
Tamil-162.wav,Tamil,2
Hindi-450.wav,Hindi,0
Telugu-233.wav,Telugu,3
Hindi-633.wav,Hindi,0
Telugu-445.wav,Telugu,3
Tamil-766.wav,Tamil,2
Tamil-814.wav,Tamil,2
Hindi-682.wav,Hindi,0
Telugu-566.wav,Telugu,3
Kannada-890.wav,Kannada,1
Kannada-589.wav,Kannada,1
Hindi-940.wav,Hindi,0
Telugu-874.wav,Telugu,3
Kannada-916.wav,Kannada,1
Hindi-561.wav,Hindi,0
Kannada-224.wav,Kannada,1
Hindi-152.wav,Hindi,0
Tamil-434.wav,Tamil,2
Telugu-111.wav,Telugu,3
Telugu-346.wav,Telugu,3
Hindi-416.wav,Hindi,0
Tamil-343.wav,Tamil,2
Telugu-728.wav,Telugu,3
Telugu-797.wav,Telugu,3
Telugu-844.wav,Telugu,3
Telugu-174.wav,Telugu,3
Hindi-95.wav,Hindi,0
Hindi-994.wav,Hindi,0
Hindi-882.wav,Hindi,0
Telugu-986.wav,Telugu,3
Hindi-725.wav,Hindi,0
Kannada-312.wav,Kannada,1
Telugu-109.wav,Telugu,3
Tamil-38.wav,Tamil,2
Hindi-326.wav,Hindi,0
Kannada-435.wav,Kannada,1
Telugu-932.wav,Telugu,3
Hindi-819.wav,Hindi,0
Hindi-388.wav,Hindi,0
Hindi-253.wav,Hindi,0
Telugu-700.wav,Telugu,3
Telugu-853.wav,Telugu,3
Tamil-232.wav,Tamil,2
Tamil-259.wav,Tamil,2
Tamil-66.wav,Tamil,2
Kannada-338.wav,Kannada,1
Telugu-636.wav,Telugu,3
Kannada-619.wav,Kannada,1
Telugu-0.wav,Telugu,3
Telugu-141.wav,Telugu,3
Hindi-18.wav,Hindi,0
Tamil-142.wav,Tamil,2
Tamil-830.wav,Tamil,2
Telugu-600.wav,Telugu,3
Tamil-641.wav,Tamil,2
Telugu-292.wav,Telugu,3
Tamil-513.wav,Tamil,2
Kannada-558.wav,Kannada,1
Telugu-394.wav,Telugu,3
Tamil-658.wav,Tamil,2
Hindi-13.wav,Hindi,0
Telugu-659.wav,Telugu,3
Tamil-23.wav,Tamil,2
Kannada-155.wav,Kannada,1
Kannada-313.wav,Kannada,1
Hindi-93.wav,Hindi,0
Tamil-151.wav,Tamil,2
Tamil-318.wav,Tamil,2
Hindi-521.wav,Hindi,0
Tamil-224.wav,Tamil,2
Kannada-777.wav,Kannada,1
Kannada-919.wav,Kannada,1
Tamil-611.wav,Tamil,2
Tamil-970.wav,Tamil,2
Hindi-470.wav,Hindi,0
Telugu-674.wav,Telugu,3
Hindi-877.wav,Hindi,0
Telugu-581.wav,Telugu,3
Hindi-941.wav,Hindi,0
Telugu-407.wav,Telugu,3
Telugu-523.wav,Telugu,3
Hindi-937.wav,Hindi,0
Tamil-445.wav,Tamil,2
Kannada-676.wav,Kannada,1
Tamil-408.wav,Tamil,2
Kannada-429.wav,Kannada,1
Kannada-860.wav,Kannada,1
Telugu-648.wav,Telugu,3
Hindi-978.wav,Hindi,0
Hindi-19.wav,Hindi,0
Telugu-478.wav,Telugu,3
Kannada-670.wav,Kannada,1
Hindi-885.wav,Hindi,0
Telugu-596.wav,Telugu,3
Kannada-269.wav,Kannada,1
Tamil-630.wav,Tamil,2
Telugu-835.wav,Telugu,3
Telugu-649.wav,Telugu,3
Hindi-397.wav,Hindi,0
Hindi-42.wav,Hindi,0
Kannada-721.wav,Kannada,1
Tamil-440.wav,Tamil,2
Telugu-107.wav,Telugu,3
Tamil-715.wav,Tamil,2
Tamil-795.wav,Tamil,2
Tamil-156.wav,Tamil,2
Telugu-917.wav,Telugu,3
Kannada-583.wav,Kannada,1
Telugu-504.wav,Telugu,3
Kannada-610.wav,Kannada,1
Telugu-331.wav,Telugu,3
Hindi-959.wav,Hindi,0
Hindi-21.wav,Hindi,0
Kannada-281.wav,Kannada,1
Telugu-522.wav,Telugu,3
Hindi-200.wav,Hindi,0
Hindi-661.wav,Hindi,0
Tamil-554.wav,Tamil,2
Hindi-595.wav,Hindi,0
Tamil-311.wav,Tamil,2
Kannada-406.wav,Kannada,1
Hindi-640.wav,Hindi,0
Tamil-612.wav,Tamil,2
Kannada-607.wav,Kannada,1
Hindi-884.wav,Hindi,0
Tamil-636.wav,Tamil,2
Hindi-456.wav,Hindi,0
Telugu-526.wav,Telugu,3
Hindi-101.wav,Hindi,0
Hindi-4.wav,Hindi,0
Telugu-438.wav,Telugu,3
Tamil-228.wav,Tamil,2
Telugu-50.wav,Telugu,3
Hindi-876.wav,Hindi,0
Telugu-25.wav,Telugu,3
Hindi-969.wav,Hindi,0
Kannada-977.wav,Kannada,1
Hindi-557.wav,Hindi,0
Kannada-784.wav,Kannada,1
Telugu-261.wav,Telugu,3
Kannada-341.wav,Kannada,1
Tamil-249.wav,Tamil,2
Tamil-168.wav,Tamil,2
Kannada-385.wav,Kannada,1
Tamil-88.wav,Tamil,2
Hindi-94.wav,Hindi,0
Tamil-220.wav,Tamil,2
Telugu-21.wav,Telugu,3
Hindi-607.wav,Hindi,0
Kannada-301.wav,Kannada,1
Tamil-348.wav,Tamil,2
Kannada-640.wav,Kannada,1
Kannada-674.wav,Kannada,1
Tamil-384.wav,Tamil,2
Kannada-13.wav,Kannada,1
Telugu-452.wav,Telugu,3
Kannada-133.wav,Kannada,1
Tamil-317.wav,Tamil,2
Kannada-993.wav,Kannada,1
Tamil-655.wav,Tamil,2
Hindi-341.wav,Hindi,0
Telugu-9.wav,Telugu,3
Tamil-950.wav,Tamil,2
Hindi-217.wav,Hindi,0
Tamil-373.wav,Tamil,2
Telugu-668.wav,Telugu,3
Telugu-182.wav,Telugu,3
Hindi-3.wav,Hindi,0
Tamil-991.wav,Tamil,2
Tamil-498.wav,Tamil,2
Kannada-31.wav,Kannada,1
Tamil-579.wav,Tamil,2
Tamil-483.wav,Tamil,2
Hindi-366.wav,Hindi,0
Hindi-143.wav,Hindi,0
Telugu-658.wav,Telugu,3
Telugu-160.wav,Telugu,3
Telugu-73.wav,Telugu,3
Hindi-606.wav,Hindi,0
Tamil-800.wav,Tamil,2
Hindi-975.wav,Hindi,0
Hindi-726.wav,Hindi,0
Telugu-713.wav,Telugu,3
Telugu-289.wav,Telugu,3
Telugu-729.wav,Telugu,3
Hindi-664.wav,Hindi,0
Telugu-363.wav,Telugu,3
Hindi-453.wav,Hindi,0
Hindi-57.wav,Hindi,0
Telugu-37.wav,Telugu,3
Kannada-323.wav,Kannada,1
Hindi-645.wav,Hindi,0
Tamil-931.wav,Tamil,2
Hindi-481.wav,Hindi,0
Telugu-502.wav,Telugu,3
Tamil-355.wav,Tamil,2
Hindi-999.wav,Hindi,0
Kannada-714.wav,Kannada,1
Hindi-113.wav,Hindi,0
Hindi-796.wav,Hindi,0
Tamil-44.wav,Tamil,2
Kannada-196.wav,Kannada,1
Hindi-880.wav,Hindi,0
Hindi-163.wav,Hindi,0
Hindi-618.wav,Hindi,0
Telugu-521.wav,Telugu,3
Hindi-596.wav,Hindi,0
Telugu-468.wav,Telugu,3
Hindi-957.wav,Hindi,0
Tamil-433.wav,Tamil,2
Hindi-574.wav,Hindi,0
Kannada-524.wav,Kannada,1
Tamil-819.wav,Tamil,2
Kannada-182.wav,Kannada,1
Kannada-707.wav,Kannada,1
Hindi-406.wav,Hindi,0
Telugu-299.wav,Telugu,3
Telugu-693.wav,Telugu,3
Telugu-204.wav,Telugu,3
Kannada-232.wav,Kannada,1
Hindi-54.wav,Hindi,0
Telugu-644.wav,Telugu,3
Kannada-143.wav,Kannada,1
Tamil-602.wav,Tamil,2
Kannada-464.wav,Kannada,1
Hindi-805.wav,Hindi,0
Telugu-16.wav,Telugu,3
Telugu-533.wav,Telugu,3
Hindi-258.wav,Hindi,0
Kannada-278.wav,Kannada,1
Hindi-164.wav,Hindi,0
Telugu-623.wav,Telugu,3
Telugu-432.wav,Telugu,3
Tamil-236.wav,Tamil,2
Hindi-359.wav,Hindi,0
Hindi-477.wav,Hindi,0
Hindi-224.wav,Hindi,0
Tamil-519.wav,Tamil,2
Kannada-877.wav,Kannada,1
Hindi-951.wav,Hindi,0
Telugu-166.wav,Telugu,3
Kannada-309.wav,Kannada,1
Telugu-688.wav,Telugu,3
Telugu-51.wav,Telugu,3
Telugu-41.wav,Telugu,3
Hindi-569.wav,Hindi,0
Hindi-236.wav,Hindi,0
Hindi-283.wav,Hindi,0
Kannada-285.wav,Kannada,1
Hindi-24.wav,Hindi,0
Hindi-226.wav,Hindi,0
Tamil-438.wav,Tamil,2
Tamil-789.wav,Tamil,2
Telugu-300.wav,Telugu,3
Hindi-899.wav,Hindi,0
Tamil-341.wav,Tamil,2
Hindi-534.wav,Hindi,0
Tamil-141.wav,Tamil,2
Tamil-586.wav,Tamil,2
Tamil-962.wav,Tamil,2
Tamil-512.wav,Tamil,2
Hindi-317.wav,Hindi,0
Tamil-223.wav,Tamil,2
Tamil-697.wav,Tamil,2
Telugu-765.wav,Telugu,3
Kannada-622.wav,Kannada,1
Tamil-906.wav,Tamil,2
Telugu-60.wav,Telugu,3
Kannada-60.wav,Kannada,1
Telugu-571.wav,Telugu,3
Kannada-759.wav,Kannada,1
Hindi-644.wav,Hindi,0
Hindi-892.wav,Hindi,0
Telugu-879.wav,Telugu,3
Telugu-448.wav,Telugu,3
Telugu-266.wav,Telugu,3
Tamil-149.wav,Tamil,2
Tamil-802.wav,Tamil,2
Tamil-633.wav,Tamil,2
Hindi-249.wav,Hindi,0
Tamil-239.wav,Tamil,2
Tamil-572.wav,Tamil,2
Telugu-283.wav,Telugu,3
Tamil-203.wav,Tamil,2
Telugu-227.wav,Telugu,3
Tamil-299.wav,Tamil,2
Hindi-795.wav,Hindi,0
Hindi-405.wav,Hindi,0
Tamil-995.wav,Tamil,2
Hindi-675.wav,Hindi,0
Kannada-137.wav,Kannada,1
Hindi-184.wav,Hindi,0
Kannada-565.wav,Kannada,1
Kannada-806.wav,Kannada,1
Kannada-332.wav,Kannada,1
Tamil-148.wav,Tamil,2
Telugu-178.wav,Telugu,3
Telugu-753.wav,Telugu,3
Tamil-742.wav,Tamil,2
Kannada-956.wav,Kannada,1
Telugu-938.wav,Telugu,3
Telugu-85.wav,Telugu,3
Hindi-475.wav,Hindi,0
Tamil-955.wav,Tamil,2
Hindi-261.wav,Hindi,0
Tamil-775.wav,Tamil,2
Hindi-468.wav,Hindi,0
Kannada-272.wav,Kannada,1
Kannada-804.wav,Kannada,1
Telugu-537.wav,Telugu,3
Tamil-744.wav,Tamil,2
Telugu-138.wav,Telugu,3
Telugu-512.wav,Telugu,3
Kannada-838.wav,Kannada,1
Tamil-49.wav,Tamil,2
Tamil-100.wav,Tamil,2
Tamil-307.wav,Tamil,2
Hindi-455.wav,Hindi,0
Telugu-817.wav,Telugu,3
Tamil-908.wav,Tamil,2
Hindi-245.wav,Hindi,0
Tamil-154.wav,Tamil,2
Hindi-135.wav,Hindi,0
Hindi-916.wav,Hindi,0
Kannada-692.wav,Kannada,1
Telugu-196.wav,Telugu,3
Hindi-896.wav,Hindi,0
Tamil-754.wav,Tamil,2
Tamil-704.wav,Tamil,2
Tamil-904.wav,Tamil,2
Tamil-737.wav,Tamil,2
Tamil-670.wav,Tamil,2
Hindi-223.wav,Hindi,0
Tamil-634.wav,Tamil,2
Tamil-770.wav,Tamil,2
Kannada-881.wav,Kannada,1
Telugu-66.wav,Telugu,3
Hindi-556.wav,Hindi,0
Hindi-768.wav,Hindi,0
Telugu-950.wav,Telugu,3
Tamil-364.wav,Tamil,2
Kannada-581.wav,Kannada,1
Telugu-131.wav,Telugu,3
Hindi-161.wav,Hindi,0
Tamil-855.wav,Tamil,2
Telugu-496.wav,Telugu,3
Telugu-771.wav,Telugu,3
Kannada-118.wav,Kannada,1
Telugu-250.wav,Telugu,3
Kannada-239.wav,Kannada,1
Hindi-856.wav,Hindi,0
Kannada-822.wav,Kannada,1
Kannada-324.wav,Kannada,1
Telugu-381.wav,Telugu,3
Kannada-866.wav,Kannada,1
Hindi-357.wav,Hindi,0
Tamil-911.wav,Tamil,2
Tamil-763.wav,Tamil,2
Tamil-298.wav,Tamil,2
Kannada-677.wav,Kannada,1
Tamil-303.wav,Tamil,2
Kannada-59.wav,Kannada,1
Telugu-661.wav,Telugu,3
Tamil-861.wav,Tamil,2
Telugu-173.wav,Telugu,3
Tamil-231.wav,Tamil,2
Telugu-890.wav,Telugu,3
Tamil-523.wav,Tamil,2
Telugu-205.wav,Telugu,3
Tamil-10.wav,Tamil,2
Kannada-688.wav,Kannada,1
Tamil-257.wav,Tamil,2
Kannada-107.wav,Kannada,1
Tamil-971.wav,Tamil,2
Hindi-329.wav,Hindi,0
Kannada-653.wav,Kannada,1
Hindi-828.wav,Hindi,0
Hindi-20.wav,Hindi,0
Tamil-443.wav,Tamil,2
Kannada-45.wav,Kannada,1
Kannada-359.wav,Kannada,1
Telugu-89.wav,Telugu,3
Hindi-843.wav,Hindi,0
Tamil-368.wav,Tamil,2
Kannada-991.wav,Kannada,1
Kannada-442.wav,Kannada,1
Tamil-643.wav,Tamil,2
Kannada-302.wav,Kannada,1
Kannada-303.wav,Kannada,1
Hindi-562.wav,Hindi,0
Telugu-934.wav,Telugu,3
Tamil-530.wav,Tamil,2
Telugu-220.wav,Telugu,3
Kannada-942.wav,Kannada,1
Tamil-967.wav,Tamil,2
Telugu-403.wav,Telugu,3
Kannada-377.wav,Kannada,1
Telugu-27.wav,Telugu,3
Telugu-122.wav,Telugu,3
Tamil-946.wav,Tamil,2
Tamil-429.wav,Tamil,2
Telugu-962.wav,Telugu,3
Tamil-448.wav,Tamil,2
Hindi-864.wav,Hindi,0
Hindi-707.wav,Hindi,0
Kannada-166.wav,Kannada,1
Hindi-431.wav,Hindi,0
Telugu-550.wav,Telugu,3
Telugu-856.wav,Telugu,3
Kannada-922.wav,Kannada,1
Tamil-919.wav,Tamil,2
Kannada-606.wav,Kannada,1
Hindi-546.wav,Hindi,0
Kannada-175.wav,Kannada,1
Hindi-412.wav,Hindi,0
Telugu-285.wav,Telugu,3
Tamil-674.wav,Tamil,2
Telugu-706.wav,Telugu,3
Telugu-576.wav,Telugu,3
Telugu-915.wav,Telugu,3
Kannada-799.wav,Kannada,1
Tamil-948.wav,Tamil,2
Tamil-738.wav,Tamil,2
Telugu-328.wav,Telugu,3
Telugu-329.wav,Telugu,3
Kannada-875.wav,Kannada,1
Telugu-470.wav,Telugu,3
Telugu-598.wav,Telugu,3
Kannada-330.wav,Kannada,1
Kannada-253.wav,Kannada,1
Tamil-546.wav,Tamil,2
Tamil-457.wav,Tamil,2
Kannada-894.wav,Kannada,1
Hindi-689.wav,Hindi,0
Kannada-792.wav,Kannada,1
Hindi-353.wav,Hindi,0
Hindi-476.wav,Hindi,0
Kannada-857.wav,Kannada,1
Hindi-631.wav,Hindi,0
Tamil-550.wav,Tamil,2
Tamil-992.wav,Tamil,2
Hindi-330.wav,Hindi,0
Tamil-222.wav,Tamil,2
Tamil-439.wav,Tamil,2
Telugu-914.wav,Telugu,3
Kannada-661.wav,Kannada,1
Telugu-869.wav,Telugu,3
Telugu-655.wav,Telugu,3
Telugu-851.wav,Telugu,3
Kannada-412.wav,Kannada,1
Tamil-571.wav,Tamil,2
Telugu-355.wav,Telugu,3
Kannada-443.wav,Kannada,1
Hindi-70.wav,Hindi,0
Kannada-35.wav,Kannada,1
Hindi-846.wav,Hindi,0
Telugu-991.wav,Telugu,3
Kannada-917.wav,Kannada,1
Telugu-977.wav,Telugu,3
Telugu-947.wav,Telugu,3
Kannada-776.wav,Kannada,1
Kannada-952.wav,Kannada,1
Kannada-213.wav,Kannada,1
Kannada-161.wav,Kannada,1
Kannada-705.wav,Kannada,1
Tamil-219.wav,Tamil,2
Kannada-594.wav,Kannada,1
Hindi-117.wav,Hindi,0
Tamil-388.wav,Tamil,2
Telugu-940.wav,Telugu,3
Telugu-978.wav,Telugu,3
Kannada-39.wav,Kannada,1
Hindi-905.wav,Hindi,0
Hindi-678.wav,Hindi,0
Telugu-120.wav,Telugu,3
Hindi-14.wav,Hindi,0
Kannada-869.wav,Kannada,1
Kannada-46.wav,Kannada,1
Tamil-977.wav,Tamil,2
Tamil-606.wav,Tamil,2
Kannada-920.wav,Kannada,1
Tamil-238.wav,Tamil,2
Tamil-415.wav,Tamil,2
Telugu-726.wav,Telugu,3
Hindi-83.wav,Hindi,0
Hindi-395.wav,Hindi,0
Kannada-536.wav,Kannada,1
Tamil-534.wav,Tamil,2
Telugu-10.wav,Telugu,3
Kannada-77.wav,Kannada,1
Kannada-47.wav,Kannada,1
Hindi-733.wav,Hindi,0
Kannada-564.wav,Kannada,1
Telugu-752.wav,Telugu,3
Tamil-420.wav,Tamil,2
Tamil-225.wav,Tamil,2
Kannada-892.wav,Kannada,1
Hindi-343.wav,Hindi,0
Tamil-258.wav,Tamil,2
Hindi-479.wav,Hindi,0
Hindi-550.wav,Hindi,0
Telugu-486.wav,Telugu,3
Tamil-321.wav,Tamil,2
Tamil-847.wav,Tamil,2
Hindi-777.wav,Hindi,0
Hindi-112.wav,Hindi,0
Hindi-38.wav,Hindi,0
Kannada-152.wav,Kannada,1
Kannada-457.wav,Kannada,1
Telugu-397.wav,Telugu,3
Telugu-426.wav,Telugu,3
Hindi-251.wav,Hindi,0
Telugu-683.wav,Telugu,3
Kannada-749.wav,Kannada,1
Kannada-202.wav,Kannada,1
Tamil-752.wav,Tamil,2
Hindi-167.wav,Hindi,0
Telugu-833.wav,Telugu,3
Telugu-244.wav,Telugu,3
Kannada-194.wav,Kannada,1
Hindi-651.wav,Hindi,0
Tamil-444.wav,Tamil,2
Hindi-784.wav,Hindi,0
Kannada-117.wav,Kannada,1
Tamil-198.wav,Tamil,2
Telugu-888.wav,Telugu,3
Tamil-781.wav,Tamil,2
Tamil-447.wav,Tamil,2
Tamil-396.wav,Tamil,2
Tamil-234.wav,Tamil,2
Telugu-641.wav,Telugu,3
Hindi-831.wav,Hindi,0
Kannada-596.wav,Kannada,1
Telugu-591.wav,Telugu,3
Telugu-408.wav,Telugu,3
Kannada-959.wav,Kannada,1
Telugu-126.wav,Telugu,3
Kannada-471.wav,Kannada,1
Telugu-68.wav,Telugu,3
Tamil-627.wav,Tamil,2
Hindi-182.wav,Hindi,0
Kannada-508.wav,Kannada,1
Kannada-445.wav,Kannada,1
Tamil-841.wav,Tamil,2
Kannada-781.wav,Kannada,1
Hindi-700.wav,Hindi,0
Telugu-118.wav,Telugu,3
Hindi-921.wav,Hindi,0
Telugu-645.wav,Telugu,3
Tamil-157.wav,Tamil,2
Hindi-799.wav,Hindi,0
Hindi-907.wav,Hindi,0
Kannada-839.wav,Kannada,1
Hindi-40.wav,Hindi,0
Telugu-161.wav,Telugu,3
Hindi-5.wav,Hindi,0
Kannada-33.wav,Kannada,1
Hindi-837.wav,Hindi,0
Hindi-36.wav,Hindi,0
Kannada-680.wav,Kannada,1
Kannada-104.wav,Kannada,1
Kannada-655.wav,Kannada,1
Telugu-139.wav,Telugu,3
Tamil-27.wav,Tamil,2
Hindi-447.wav,Hindi,0
Hindi-869.wav,Hindi,0
Kannada-142.wav,Kannada,1
Telugu-364.wav,Telugu,3
Telugu-768.wav,Telugu,3
Tamil-714.wav,Tamil,2
Kannada-580.wav,Kannada,1
Hindi-73.wav,Hindi,0
Kannada-671.wav,Kannada,1
Kannada-664.wav,Kannada,1
Telugu-224.wav,Telugu,3
Tamil-893.wav,Tamil,2
Tamil-692.wav,Tamil,2
Hindi-508.wav,Hindi,0
Kannada-424.wav,Kannada,1
Kannada-831.wav,Kannada,1
Kannada-681.wav,Kannada,1
Tamil-543.wav,Tamil,2
Telugu-569.wav,Telugu,3
Kannada-432.wav,Kannada,1
Hindi-800.wav,Hindi,0
Tamil-427.wav,Tamil,2
Hindi-240.wav,Hindi,0
Tamil-22.wav,Tamil,2
Hindi-389.wav,Hindi,0
Kannada-141.wav,Kannada,1
Hindi-770.wav,Hindi,0
Tamil-97.wav,Tamil,2
Telugu-124.wav,Telugu,3
Hindi-56.wav,Hindi,0
Tamil-73.wav,Tamil,2
Tamil-488.wav,Tamil,2
Hindi-398.wav,Hindi,0
Telugu-909.wav,Telugu,3
Hindi-723.wav,Hindi,0
Telugu-431.wav,Telugu,3
Telugu-393.wav,Telugu,3
Hindi-424.wav,Hindi,0
Kannada-600.wav,Kannada,1
Telugu-796.wav,Telugu,3
Hindi-204.wav,Hindi,0
Hindi-634.wav,Hindi,0
Telugu-575.wav,Telugu,3
Tamil-505.wav,Tamil,2
Kannada-738.wav,Kannada,1
Telugu-415.wav,Telugu,3
Kannada-724.wav,Kannada,1
Telugu-248.wav,Telugu,3
Telugu-532.wav,Telugu,3
Kannada-666.wav,Kannada,1
Kannada-531.wav,Kannada,1
Hindi-888.wav,Hindi,0
Kannada-353.wav,Kannada,1
Tamil-71.wav,Tamil,2
Kannada-407.wav,Kannada,1
Kannada-85.wav,Kannada,1
Telugu-264.wav,Telugu,3
Kannada-135.wav,Kannada,1
Telugu-222.wav,Telugu,3
Kannada-764.wav,Kannada,1
Hindi-336.wav,Hindi,0
Kannada-957.wav,Kannada,1
Tamil-973.wav,Tamil,2
Kannada-962.wav,Kannada,1
Telugu-631.wav,Telugu,3
Telugu-510.wav,Telugu,3
Tamil-52.wav,Tamil,2
Telugu-781.wav,Telugu,3
Kannada-709.wav,Kannada,1
Telugu-916.wav,Telugu,3
Kannada-566.wav,Kannada,1
Tamil-175.wav,Tamil,2
Hindi-992.wav,Hindi,0
Telugu-520.wav,Telugu,3
Telugu-622.wav,Telugu,3
Kannada-999.wav,Kannada,1
Hindi-731.wav,Hindi,0
Kannada-992.wav,Kannada,1
Telugu-654.wav,Telugu,3
Hindi-860.wav,Hindi,0
Kannada-244.wav,Kannada,1
Tamil-771.wav,Tamil,2
Tamil-336.wav,Tamil,2
Telugu-607.wav,Telugu,3
Kannada-545.wav,Kannada,1
Hindi-542.wav,Hindi,0
Tamil-563.wav,Tamil,2
Tamil-727.wav,Tamil,2
Kannada-462.wav,Kannada,1
Tamil-131.wav,Tamil,2
Telugu-13.wav,Telugu,3
Kannada-926.wav,Kannada,1
Kannada-863.wav,Kannada,1
Hindi-187.wav,Hindi,0
Hindi-535.wav,Hindi,0
Hindi-363.wav,Hindi,0
Kannada-441.wav,Kannada,1
Tamil-326.wav,Tamil,2
Kannada-41.wav,Kannada,1
Hindi-229.wav,Hindi,0
Tamil-769.wav,Tamil,2
Kannada-190.wav,Kannada,1
Kannada-816.wav,Kannada,1
Telugu-780.wav,Telugu,3
Hindi-30.wav,Hindi,0
Telugu-875.wav,Telugu,3
Hindi-15.wav,Hindi,0
Telugu-338.wav,Telugu,3
Kannada-654.wav,Kannada,1
Kannada-292.wav,Kannada,1
Tamil-667.wav,Tamil,2
Telugu-748.wav,Telugu,3
Kannada-697.wav,Kannada,1
Telugu-35.wav,Telugu,3
Hindi-222.wav,Hindi,0
Hindi-284.wav,Hindi,0
Kannada-973.wav,Kannada,1
Tamil-799.wav,Tamil,2
Telugu-625.wav,Telugu,3
Hindi-987.wav,Hindi,0
Hindi-584.wav,Hindi,0
Kannada-944.wav,Kannada,1
Hindi-246.wav,Hindi,0
Telugu-168.wav,Telugu,3
Tamil-899.wav,Tamil,2
Telugu-614.wav,Telugu,3
Telugu-348.wav,Telugu,3
Hindi-558.wav,Hindi,0
Tamil-493.wav,Tamil,2
Tamil-185.wav,Tamil,2
Telugu-446.wav,Telugu,3
Kannada-675.wav,Kannada,1
Telugu-832.wav,Telugu,3
Tamil-455.wav,Tamil,2
Hindi-945.wav,Hindi,0
Kannada-826.wav,Kannada,1
Telugu-972.wav,Telugu,3
Tamil-315.wav,Tamil,2
Hindi-421.wav,Hindi,0
Hindi-254.wav,Hindi,0
Telugu-585.wav,Telugu,3
Kannada-729.wav,Kannada,1
Kannada-335.wav,Kannada,1
Tamil-272.wav,Tamil,2
Hindi-710.wav,Hindi,0
Hindi-889.wav,Hindi,0
Hindi-980.wav,Hindi,0
Hindi-673.wav,Hindi,0
Hindi-986.wav,Hindi,0
Hindi-632.wav,Hindi,0
Kannada-751.wav,Kannada,1
Tamil-835.wav,Tamil,2
Kannada-694.wav,Kannada,1
Hindi-858.wav,Hindi,0
Tamil-533.wav,Tamil,2
Hindi-257.wav,Hindi,0
Tamil-378.wav,Tamil,2
Hindi-695.wav,Hindi,0
Tamil-649.wav,Tamil,2
Telugu-54.wav,Telugu,3
Tamil-328.wav,Tamil,2
Kannada-249.wav,Kannada,1
Hindi-809.wav,Hindi,0
Kannada-277.wav,Kannada,1
Hindi-300.wav,Hindi,0
Telugu-792.wav,Telugu,3
Hindi-706.wav,Hindi,0
Hindi-137.wav,Hindi,0
Kannada-15.wav,Kannada,1
Telugu-539.wav,Telugu,3
Hindi-656.wav,Hindi,0
Tamil-747.wav,Tamil,2
Telugu-159.wav,Telugu,3
Kannada-528.wav,Kannada,1
Telugu-898.wav,Telugu,3
Hindi-285.wav,Hindi,0
Telugu-130.wav,Telugu,3
Hindi-688.wav,Hindi,0
Telugu-113.wav,Telugu,3
Telugu-872.wav,Telugu,3
Tamil-313.wav,Tamil,2
Tamil-937.wav,Tamil,2
Kannada-752.wav,Kannada,1
Kannada-93.wav,Kannada,1
Telugu-656.wav,Telugu,3
Kannada-587.wav,Kannada,1
Kannada-698.wav,Kannada,1
Hindi-325.wav,Hindi,0
Telugu-697.wav,Telugu,3
Telugu-498.wav,Telugu,3
Kannada-203.wav,Kannada,1
Telugu-499.wav,Telugu,3
Hindi-865.wav,Hindi,0
Telugu-824.wav,Telugu,3
Hindi-946.wav,Hindi,0
Telugu-24.wav,Telugu,3
Telugu-956.wav,Telugu,3
Tamil-85.wav,Tamil,2
Tamil-887.wav,Tamil,2
Kannada-186.wav,Kannada,1
Kannada-643.wav,Kannada,1
Tamil-325.wav,Tamil,2
Hindi-811.wav,Hindi,0
Telugu-70.wav,Telugu,3
Tamil-206.wav,Tamil,2
Telugu-284.wav,Telugu,3
Tamil-449.wav,Tamil,2
Telugu-194.wav,Telugu,3
Telugu-863.wav,Telugu,3
Tamil-250.wav,Tamil,2
Tamil-780.wav,Tamil,2
Hindi-46.wav,Hindi,0
Kannada-695.wav,Kannada,1
Kannada-598.wav,Kannada,1
Telugu-718.wav,Telugu,3
Kannada-282.wav,Kannada,1
Hindi-572.wav,Hindi,0
Hindi-559.wav,Hindi,0
Tamil-596.wav,Tamil,2
Hindi-11.wav,Hindi,0
Telugu-996.wav,Telugu,3
Telugu-702.wav,Telugu,3
Hindi-34.wav,Hindi,0
Tamil-390.wav,Tamil,2
Kannada-727.wav,Kannada,1
Telugu-913.wav,Telugu,3
Kannada-344.wav,Kannada,1
Telugu-806.wav,Telugu,3
Kannada-425.wav,Kannada,1
Kannada-0.wav,Kannada,1
Kannada-570.wav,Kannada,1
Tamil-383.wav,Tamil,2
Kannada-124.wav,Kannada,1
Tamil-881.wav,Tamil,2
Kannada-83.wav,Kannada,1
Tamil-399.wav,Tamil,2
Hindi-677.wav,Hindi,0
Telugu-1000.wav,Telugu,3
Tamil-880.wav,Tamil,2
Telugu-736.wav,Telugu,3
Telugu-308.wav,Telugu,3
Hindi-658.wav,Hindi,0
Hindi-64.wav,Hindi,0
Hindi-51.wav,Hindi,0
Kannada-601.wav,Kannada,1
Kannada-6.wav,Kannada,1
Tamil-577.wav,Tamil,2
Telugu-79.wav,Telugu,3
Hindi-2.wav,Hindi,0
Kannada-94.wav,Kannada,1
Telugu-336.wav,Telugu,3
Tamil-477.wav,Tamil,2
Telugu-802.wav,Telugu,3
Tamil-562.wav,Tamil,2
Tamil-901.wav,Tamil,2
Tamil-107.wav,Tamil,2
Telugu-358.wav,Telugu,3
Tamil-785.wav,Tamil,2
Hindi-719.wav,Hindi,0
Tamil-679.wav,Tamil,2
Kannada-833.wav,Kannada,1
Kannada-444.wav,Kannada,1
Telugu-801.wav,Telugu,3
Tamil-7.wav,Tamil,2
Tamil-171.wav,Tamil,2
Hindi-962.wav,Hindi,0
Telugu-4.wav,Telugu,3
Hindi-198.wav,Hindi,0
Telugu-680.wav,Telugu,3
Telugu-626.wav,Telugu,3
Telugu-201.wav,Telugu,3
Kannada-725.wav,Kannada,1
Tamil-959.wav,Tamil,2
Telugu-337.wav,Telugu,3
Tamil-187.wav,Tamil,2
Telugu-969.wav,Telugu,3
Tamil-245.wav,Tamil,2
Telugu-65.wav,Telugu,3
Telugu-772.wav,Telugu,3
Kannada-192.wav,Kannada,1
Hindi-821.wav,Hindi,0
Tamil-450.wav,Tamil,2
Hindi-177.wav,Hindi,0
Tamil-925.wav,Tamil,2
Hindi-49.wav,Hindi,0
Kannada-546.wav,Kannada,1
Kannada-720.wav,Kannada,1
Tamil-218.wav,Tamil,2
Telugu-467.wav,Telugu,3
Kannada-703.wav,Kannada,1
Kannada-328.wav,Kannada,1
Hindi-602.wav,Hindi,0
Hindi-313.wav,Hindi,0
Telugu-642.wav,Telugu,3
Telugu-795.wav,Telugu,3
Telugu-686.wav,Telugu,3
Tamil-570.wav,Tamil,2
Telugu-18.wav,Telugu,3
Telugu-209.wav,Telugu,3
Tamil-922.wav,Tamil,2
Kannada-403.wav,Kannada,1
Hindi-499.wav,Hindi,0
Kannada-399.wav,Kannada,1
Tamil-529.wav,Tamil,2
Telugu-382.wav,Telugu,3
Tamil-783.wav,Tamil,2
Hindi-380.wav,Hindi,0
Telugu-87.wav,Telugu,3
Hindi-207.wav,Hindi,0
Tamil-139.wav,Tamil,2
Hindi-61.wav,Hindi,0
Kannada-10.wav,Kannada,1
Telugu-91.wav,Telugu,3
Hindi-810.wav,Hindi,0
Telugu-7.wav,Telugu,3
Hindi-525.wav,Hindi,0
Tamil-358.wav,Tamil,2
Tamil-707.wav,Tamil,2
Hindi-269.wav,Hindi,0
Telugu-247.wav,Telugu,3
Kannada-87.wav,Kannada,1
Hindi-898.wav,Hindi,0
Hindi-578.wav,Hindi,0
Tamil-115.wav,Tamil,2
Kannada-108.wav,Kannada,1
Kannada-757.wav,Kannada,1
Tamil-74.wav,Tamil,2
Hindi-929.wav,Hindi,0
Kannada-434.wav,Kannada,1
Hindi-170.wav,Hindi,0
Hindi-894.wav,Hindi,0
Hindi-318.wav,Hindi,0
Kannada-939.wav,Kannada,1
Kannada-24.wav,Kannada,1
Telugu-343.wav,Telugu,3
Telugu-816.wav,Telugu,3
Telugu-880.wav,Telugu,3
Tamil-993.wav,Tamil,2
Tamil-404.wav,Tamil,2
Hindi-848.wav,Hindi,0
Kannada-966.wav,Kannada,1
Telugu-488.wav,Telugu,3
Kannada-983.wav,Kannada,1
Tamil-394.wav,Tamil,2
Telugu-553.wav,Telugu,3
Telugu-185.wav,Telugu,3
Hindi-996.wav,Hindi,0
Telugu-47.wav,Telugu,3
Tamil-731.wav,Tamil,2
Telugu-665.wav,Telugu,3
Tamil-334.wav,Tamil,2
Kannada-897.wav,Kannada,1
Tamil-353.wav,Tamil,2
Tamil-810.wav,Tamil,2
Tamil-916.wav,Tamil,2
Tamil-954.wav,Tamil,2
Tamil-924.wav,Tamil,2
Kannada-448.wav,Kannada,1
Kannada-91.wav,Kannada,1
